timeOpen;timeClose;timeHigh;timeLow;name;open;high;low;close;volume;marketCap;timestamp
"2025-02-10T00:00:00.000Z";"2025-02-10T23:59:59.999Z";"2025-02-10T13:58:00.000Z";"2025-02-10T02:17:00.000Z";"2781";0.8322436534;0.8618508914;0.801578877;0.8330669936;122439427.8;2197163285.89;"2025-02-10T23:59:59.999Z"
"2025-02-09T00:00:00.000Z";"2025-02-09T23:59:59.999Z";"2025-02-09T05:45:00.000Z";"2025-02-09T21:53:00.000Z";"2781";0.8417679383;0.8815623611;0.7951418336;0.8322436534;149171850.82;2194991776.48;"2025-02-09T23:59:59.999Z"
"2025-02-08T00:00:00.000Z";"2025-02-08T23:59:59.999Z";"2025-02-08T23:44:00.000Z";"2025-02-08T05:22:00.000Z";"2781";0.8003528681;0.8456342886;0.7839888498;0.8417885429;115315413.74;2220165839.35;"2025-02-08T23:59:59.999Z"
"2025-02-07T00:00:00.000Z";"2025-02-07T23:59:59.999Z";"2025-02-07T14:52:00.000Z";"2025-02-07T22:07:00.000Z";"2781";0.8274919625;0.8766439115;0.7797808163;0.8003528681;185547542.94;2110881779.08;"2025-02-07T23:59:59.999Z"
"2025-02-06T00:00:00.000Z";"2025-02-06T23:59:59.999Z";"2025-02-06T07:00:00.000Z";"2025-02-06T23:45:00.000Z";"2781";0.8828768098;0.9071232347;0.8211151929;0.8274901122;173317551.7;2182459482.05;"2025-02-06T23:59:59.999Z"
"2025-02-05T00:00:00.000Z";"2025-02-05T23:59:59.999Z";"2025-02-05T01:07:00.000Z";"2025-02-05T23:58:00.000Z";"2781";0.9610621477;0.9749427386;0.8827263891;0.8828288495;211784182.46;2328407139.82;"2025-02-05T23:59:59.999Z"
"2025-02-04T00:00:00.000Z";"2025-02-04T23:59:59.999Z";"2025-02-04T02:25:00.000Z";"2025-02-04T08:47:00.000Z";"2781";1.0063234421;1.0659895885;0.9198716357;0.961058762;524017266.32;2534742682.94;"2025-02-04T23:59:59.999Z"
"2025-02-03T00:00:00.000Z";"2025-02-03T23:59:59.999Z";"2025-02-03T23:37:00.000Z";"2025-02-03T02:11:00.000Z";"2781";0.9111550848;1.0253849987;0.7707086986;1.0063218926;919314856.46;2654116580.92;"2025-02-03T23:59:59.999Z"
"2025-02-02T00:00:00.000Z";"2025-02-02T23:59:59.999Z";"2025-02-02T08:44:00.000Z";"2025-02-02T19:25:00.000Z";"2781";0.9275671852;0.9837509084;0.8698434318;0.9111624554;482750872.05;2660371762.44;"2025-02-02T23:59:59.999Z"
"2025-02-01T00:00:00.000Z";"2025-02-01T23:59:59.999Z";"2025-02-01T01:38:00.000Z";"2025-02-01T23:28:00.000Z";"2781";1.0348006437;1.0473039375;0.9211998301;0.9275671852;231777188.05;2708269577.91;"2025-02-01T23:59:59.999Z"
"2025-01-31T00:00:00.000Z";"2025-01-31T23:59:59.999Z";"2025-01-31T00:00:00.000Z";"2025-01-31T21:36:00.000Z";"2781";1.0990608824;1.0990608824;1.0208460975;1.0347957586;275087821.87;1745124629.63;"2025-01-31T23:59:59.999Z"
"2025-01-30T00:00:00.000Z";"2025-01-30T23:59:59.999Z";"2025-01-30T04:48:00.000Z";"2025-01-30T00:35:00.000Z";"2781";1.0876973141;1.1516763497;1.0689014712;1.0990351576;383174285.84;1853460749.42;"2025-01-30T23:59:59.999Z"
"2025-01-29T00:00:00.000Z";"2025-01-29T23:59:59.999Z";"2025-01-29T00:58:00.000Z";"2025-01-29T19:31:00.000Z";"2781";1.1208820619;1.1578650472;1.0494316827;1.0876702987;511435795.08;1834294556.52;"2025-01-29T23:59:59.999Z"
"2025-01-28T00:00:00.000Z";"2025-01-28T23:59:59.999Z";"2025-01-28T05:17:00.000Z";"2025-01-28T21:01:00.000Z";"2781";1.1268958357;1.2510491577;1.1004567617;1.1209101865;893276440.22;1890351750.83;"2025-01-28T23:59:59.999Z"
"2025-01-27T00:00:00.000Z";"2025-01-27T23:59:59.999Z";"2025-01-27T23:40:00.000Z";"2025-01-27T06:46:00.000Z";"2781";1.0581791383;1.1486570327;0.942427532;1.1269347207;1197766577.1;1900417888.7;"2025-01-27T23:59:59.999Z"
"2025-01-26T00:00:00.000Z";"2025-01-26T23:59:59.999Z";"2025-01-26T15:49:00.000Z";"2025-01-26T10:56:00.000Z";"2781";0.9685961875;1.2629201121;0.8990646238;1.0582346955;1427303828.85;1784559379.29;"2025-01-26T23:59:59.999Z"
"2025-01-25T00:00:00.000Z";"2025-01-25T23:59:59.999Z";"2025-01-25T17:11:00.000Z";"2025-01-25T01:03:00.000Z";"2781";0.8420492315;1.0160063517;0.8207586316;0.9685802353;719558748.22;1633455887.64;"2025-01-25T23:59:59.999Z"
"2025-01-24T00:00:00.000Z";"2025-01-24T23:59:59.999Z";"2025-01-24T07:37:00.000Z";"2025-01-24T02:52:00.000Z";"2781";0.7965515212;0.8871170149;0.7958697703;0.8420477072;354236270.69;1420065922.07;"2025-01-24T23:59:59.999Z"
"2025-01-23T00:00:00.000Z";"2025-01-23T23:59:59.999Z";"2025-01-23T20:35:00.000Z";"2025-01-23T13:26:00.000Z";"2781";0.7967815662;0.8050554094;0.7622012801;0.7965506571;302001739.34;1343346932.46;"2025-01-23T23:59:59.999Z"
"2025-01-22T00:00:00.000Z";"2025-01-22T23:59:59.999Z";"2025-01-22T08:02:00.000Z";"2025-01-22T16:22:00.000Z";"2781";0.8821201969;0.9027076626;0.7845170491;0.7967845322;555804894.49;1343727130.73;"2025-01-22T23:59:59.999Z"
"2025-01-21T00:00:00.000Z";"2025-01-21T23:59:59.999Z";"2025-01-21T00:00:00.000Z";"2025-01-21T15:09:00.000Z";"2781";0.9384955285;0.9385652722;0.8513002985;0.8821201969;244756517.39;1487645913.69;"2025-01-21T23:59:59.999Z"
"2025-01-20T00:00:00.000Z";"2025-01-20T23:59:59.999Z";"2025-01-20T09:09:00.000Z";"2025-01-20T03:29:59.000Z";"2781";0.9629165691;1.0454821929;0.8939079975;0.9384955285;498876921.25;1582719728.01;"2025-01-20T23:59:59.999Z"
"2025-01-19T00:00:00.000Z";"2025-01-19T23:59:59.999Z";"2025-01-19T00:25:00.000Z";"2025-01-19T23:31:00.000Z";"2781";1.1478879865;1.2087940386;0.9467232752;0.9629165691;1050765968.3;1299937368.29;"2025-01-19T23:59:59.999Z"
"2025-01-18T00:00:00.000Z";"2025-01-18T23:59:59.999Z";"2025-01-18T23:42:00.000Z";"2025-01-18T06:01:00.000Z";"2781";0.8397832964;1.157746255;0.8289919109;1.1478879865;1153924925.19;1549648781.76;"2025-01-18T23:59:59.999Z"
"2025-01-17T00:00:00.000Z";"2025-01-17T23:59:59.999Z";"2025-01-17T23:30:00.000Z";"2025-01-17T00:31:00.000Z";"2781";0.7883081285;0.8441424646;0.7878366131;0.8397832964;97715284.93;1133707450.09;"2025-01-17T23:59:59.999Z"
"2025-01-16T00:00:00.000Z";"2025-01-16T23:59:59.999Z";"2025-01-16T00:04:00.000Z";"2025-01-16T22:48:00.000Z";"2781";0.8367106929;0.8378186267;0.7813997302;0.7883079031;109676264.33;1064215669.17;"2025-01-16T23:59:59.999Z"
"2025-01-15T00:00:00.000Z";"2025-01-15T23:59:59.999Z";"2025-01-15T23:41:00.000Z";"2025-01-15T11:35:00.000Z";"2781";0.7999314119;0.8376850866;0.7790139601;0.8367051007;97373019.68;1129559435.47;"2025-01-15T23:59:59.999Z"
"2025-01-14T00:00:00.000Z";"2025-01-14T23:59:59.999Z";"2025-01-14T09:54:00.000Z";"2025-01-14T00:19:00.000Z";"2781";0.7720937917;0.8107204867;0.7687115644;0.7999314119;56580625.82;1079907406.01;"2025-01-14T23:59:59.999Z"
"2025-01-13T00:00:00.000Z";"2025-01-13T23:59:59.999Z";"2025-01-13T00:37:00.000Z";"2025-01-13T14:37:00.000Z";"2781";0.7999738458;0.8229600236;0.7148938007;0.7720937917;102789879.85;1042326618.85;"2025-01-13T23:59:59.999Z"
"2025-01-12T00:00:00.000Z";"2025-01-12T23:59:59.999Z";"2025-01-12T03:07:00.000Z";"2025-01-12T22:28:00.000Z";"2781";0.8155753147;0.8194471718;0.7895155234;0.7999738458;44245762.13;1079964691.83;"2025-01-12T23:59:59.999Z"
"2025-01-11T00:00:00.000Z";"2025-01-11T23:59:59.999Z";"2025-01-11T21:52:00.000Z";"2025-01-11T08:55:00.000Z";"2781";0.8017296828;0.8303401255;0.7864860863;0.8155763756;65870847.53;1101028107.09;"2025-01-11T23:59:59.999Z"
"2025-01-10T00:00:00.000Z";"2025-01-10T23:59:59.999Z";"2025-01-10T07:46:00.000Z";"2025-01-10T15:16:00.000Z";"2781";0.7916562244;0.8193130509;0.7791685391;0.8017962951;72862324.06;1082424998.34;"2025-01-10T23:59:59.999Z"
"2025-01-09T00:00:00.000Z";"2025-01-09T23:59:59.999Z";"2025-01-09T01:31:00.000Z";"2025-01-09T20:41:00.000Z";"2781";0.8290240043;0.8413218813;0.7800306483;0.7916562244;77844275.38;1068735902.98;"2025-01-09T23:59:59.999Z"
"2025-01-08T00:00:00.000Z";"2025-01-08T23:59:59.999Z";"2025-01-08T00:52:00.000Z";"2025-01-08T17:37:00.000Z";"2781";0.8607265525;0.8650935586;0.7865039816;0.8290240043;94515729.03;1119182405.77;"2025-01-08T23:59:59.999Z"
"2025-01-07T00:00:00.000Z";"2025-01-07T23:59:59.999Z";"2025-01-07T00:38:00.000Z";"2025-01-07T22:04:00.000Z";"2781";0.9561140223;0.9604434161;0.8588286677;0.8607265525;106870845.54;1161980845.83;"2025-01-07T23:59:59.999Z"
"2025-01-06T00:00:00.000Z";"2025-01-06T23:59:59.999Z";"2025-01-06T16:16:00.000Z";"2025-01-06T01:22:00.000Z";"2781";0.9458304243;0.9804402358;0.9295014429;0.9561192986;80835186.93;1290761053.18;"2025-01-06T23:59:59.999Z"
"2025-01-05T00:00:00.000Z";"2025-01-05T23:59:59.999Z";"2025-01-05T03:42:00.000Z";"2025-01-05T14:24:00.000Z";"2781";0.9533010591;0.9656963853;0.9364762665;0.9458304243;69553166.33;1276871072.85;"2025-01-05T23:59:59.999Z"
"2025-01-04T00:00:00.000Z";"2025-01-04T23:59:59.999Z";"2025-01-04T13:17:00.000Z";"2025-01-04T15:46:00.000Z";"2781";0.9608043091;0.9653602283;0.9377957602;0.9533010591;72911833.96;1286956429.74;"2025-01-04T23:59:59.999Z"
"2025-01-03T00:00:00.000Z";"2025-01-03T23:59:59.999Z";"2025-01-03T16:42:00.000Z";"2025-01-03T01:43:00.000Z";"2781";0.9217666978;0.9706513059;0.9052694863;0.9608043091;129686272.18;1297085817.27;"2025-01-03T23:59:59.999Z"
"2025-01-02T00:00:00.000Z";"2025-01-02T23:59:59.999Z";"2025-01-02T23:40:00.000Z";"2025-01-02T00:13:00.000Z";"2781";0.8482499509;0.9263988516;0.8472023148;0.9217676264;119373443.73;1244386295.59;"2025-01-02T23:59:59.999Z"
"2025-01-01T00:00:00.000Z";"2025-01-01T23:59:59.999Z";"2025-01-01T21:31:00.000Z";"2025-01-01T09:41:00.000Z";"2781";0.8163805448;0.8525889319;0.8065931128;0.8482495206;58839546.88;1145136852.83;"2025-01-01T23:59:59.999Z"
"2024-12-31T00:00:00.000Z";"2024-12-31T23:59:59.999Z";"2024-12-31T17:01:00.000Z";"2024-12-31T01:34:00.000Z";"2781";0.8111211893;0.8524094073;0.7948256214;0.8163805448;74851785.62;1102113735.46;"2024-12-31T23:59:59.999Z"
"2024-12-30T00:00:00.000Z";"2024-12-30T23:59:59.999Z";"2024-12-30T12:28:00.000Z";"2024-12-30T16:52:00.000Z";"2781";0.8029625665;0.8337491194;0.7869180906;0.8111211893;90912823.97;1095013605.52;"2024-12-30T23:59:59.999Z"
"2024-12-29T00:00:00.000Z";"2024-12-29T23:59:59.999Z";"2024-12-29T00:02:00.000Z";"2024-12-29T22:29:00.000Z";"2781";0.841672905;0.8421666766;0.7961258056;0.8029490063;55845280.25;1083999464.79;"2024-12-29T23:59:59.999Z"
"2024-12-28T00:00:00.000Z";"2024-12-28T23:59:59.999Z";"2024-12-28T22:56:00.000Z";"2024-12-28T07:58:00.000Z";"2781";0.810869742;0.8455213052;0.8008203838;0.841672905;62929491.37;1136258421.78;"2024-12-28T23:59:59.999Z"
"2024-12-27T00:00:00.000Z";"2024-12-27T23:59:59.999Z";"2024-12-27T09:26:00.000Z";"2024-12-27T16:26:00.000Z";"2781";0.8347108236;0.8619023996;0.8049094996;0.810869742;94648009.13;1094674151.69;"2024-12-27T23:59:59.999Z"
"2024-12-26T00:00:00.000Z";"2024-12-26T23:59:59.999Z";"2024-12-26T00:22:00.000Z";"2024-12-26T21:17:00.000Z";"2781";0.8989918663;0.9086956928;0.8262262235;0.8347144386;78220614.86;1126864492.14;"2024-12-26T23:59:59.999Z"
"2024-12-25T00:00:00.000Z";"2024-12-25T23:59:59.999Z";"2024-12-25T03:00:00.000Z";"2024-12-25T16:40:00.000Z";"2781";0.895963694;0.9153665687;0.8863601094;0.8989918663;83207881.47;1213639019.5;"2024-12-25T23:59:59.999Z"
"2024-12-24T00:00:00.000Z";"2024-12-24T23:59:59.999Z";"2024-12-24T15:49:00.000Z";"2024-12-24T02:22:00.000Z";"2781";0.8693412568;0.9062408128;0.8445362191;0.8961677896;91261580.5;1209826515.98;"2024-12-24T23:59:59.999Z"
"2024-12-23T00:00:00.000Z";"2024-12-23T23:59:59.999Z";"2024-12-23T21:23:00.000Z";"2024-12-23T01:22:00.000Z";"2781";0.8116312674;0.8823807012;0.7948031761;0.8693375354;103258137.53;1173605672.74;"2024-12-23T23:59:59.999Z"
"2024-12-22T00:00:00.000Z";"2024-12-22T23:59:59.999Z";"2024-12-22T12:37:00.000Z";"2024-12-22T05:12:00.000Z";"2781";0.8195611152;0.8470912566;0.7906223453;0.8116129819;103668551.42;1095677525.52;"2024-12-22T23:59:59.999Z"
"2024-12-21T00:00:00.000Z";"2024-12-21T23:59:59.999Z";"2024-12-21T07:45:00.000Z";"2024-12-21T23:12:00.000Z";"2781";0.8782095897;0.9336802473;0.8084512355;0.8195611152;133991952.11;1106407505.52;"2024-12-21T23:59:59.999Z"
"2024-12-20T00:00:00.000Z";"2024-12-20T23:59:59.999Z";"2024-12-20T23:26:00.000Z";"2024-12-20T12:03:00.000Z";"2781";0.8547515321;0.885582647;0.7468652325;0.8782095897;229715558.44;1185582946.06;"2024-12-20T23:59:59.999Z"
"2024-12-19T00:00:00.000Z";"2024-12-19T23:59:59.999Z";"2024-12-19T10:59:00.000Z";"2024-12-19T20:14:00.000Z";"2781";0.9259985294;0.9431144562;0.8180479418;0.8547563789;226822250.12;1153921111.51;"2024-12-19T23:59:59.999Z"
"2024-12-18T00:00:00.000Z";"2024-12-18T23:59:59.999Z";"2024-12-18T00:19:00.000Z";"2024-12-18T23:52:00.000Z";"2781";1.0292247239;1.0409130426;0.9234959269;0.9259985294;171659547.15;1250098014.69;"2024-12-18T23:59:59.999Z"
"2024-12-17T00:00:00.000Z";"2024-12-17T23:59:59.999Z";"2024-12-17T12:46:00.000Z";"2024-12-17T23:13:00.000Z";"2781";1.0645578905;1.0959917575;1.0203295493;1.0291609946;144849600.14;1389367342.76;"2024-12-17T23:59:59.999Z"
"2024-12-16T00:00:00.000Z";"2024-12-16T23:59:59.999Z";"2024-12-16T00:52:00.000Z";"2024-12-16T12:07:00.000Z";"2781";1.1102692801;1.1302829964;1.0452833338;1.0645578905;131718802.88;1437153152.19;"2024-12-16T23:59:59.999Z"
"2024-12-15T00:00:00.000Z";"2024-12-15T23:59:59.999Z";"2024-12-15T23:55:00.000Z";"2024-12-15T07:46:00.000Z";"2781";1.0844894192;1.1152510897;1.0469646798;1.1102692801;101553968.45;1498863528.12;"2024-12-15T23:59:59.999Z"
"2024-12-14T00:00:00.000Z";"2024-12-14T23:59:59.999Z";"2024-12-14T01:31:00.000Z";"2024-12-14T20:58:00.000Z";"2781";1.1261601612;1.1466127097;1.0548139934;1.0844894192;111754929.04;1464060715.95;"2024-12-14T23:59:59.999Z"
"2024-12-13T00:00:00.000Z";"2024-12-13T23:59:59.999Z";"2024-12-13T00:47:00.000Z";"2024-12-13T16:07:00.000Z";"2781";1.1405928814;1.1552185627;1.1001437161;1.1107576948;127507762.18;1499522888.02;"2024-12-13T23:59:59.999Z"
"2024-12-12T00:00:00.000Z";"2024-12-12T23:59:59.999Z";"2024-12-12T09:31:00.000Z";"2024-12-12T22:23:00.000Z";"2781";1.1302900145;1.2204426487;1.1247163122;1.1405888955;209226839.04;1539795008.92;"2024-12-12T23:59:59.999Z"
"2024-12-11T00:00:00.000Z";"2024-12-11T23:59:59.999Z";"2024-12-11T16:31:00.000Z";"2024-12-11T02:05:00.000Z";"2781";1.0522150544;1.1532582703;1.0154236484;1.1302900145;207447397.97;1525891519.6;"2024-12-11T23:59:59.999Z"
"2024-12-10T00:00:00.000Z";"2024-12-10T23:59:59.999Z";"2024-12-10T00:39:00.000Z";"2024-12-10T18:13:00.000Z";"2781";1.0928917807;1.0976151072;0.9746809888;1.052089696;338087965.99;1420490323.4;"2024-12-10T23:59:59.999Z"
"2024-12-09T00:00:00.000Z";"2024-12-09T23:59:59.999Z";"2024-12-09T00:00:00.000Z";"2024-12-09T21:07:00.000Z";"2781";1.3416586231;1.3416586231;0.978454558;1.0928688009;410962128.47;1475403903.89;"2024-12-09T23:59:59.999Z"
"2024-12-08T00:00:00.000Z";"2024-12-08T23:59:59.999Z";"2024-12-08T02:58:00.000Z";"2024-12-08T09:58:00.000Z";"2781";1.3786253906;1.3865641005;1.3030831226;1.3363439274;153077363.53;1804064302;"2024-12-08T23:59:59.999Z"
"2024-12-07T00:00:00.000Z";"2024-12-07T23:59:59.999Z";"2024-12-07T22:07:00.000Z";"2024-12-07T03:25:00.000Z";"2781";1.3403452636;1.4032164079;1.3274129718;1.3745637699;213054160.71;1855661089.4;"2024-12-07T23:59:59.999Z"
"2024-12-06T00:00:00.000Z";"2024-12-06T23:59:59.999Z";"2024-12-06T01:33:00.000Z";"2024-12-06T13:01:00.000Z";"2781";1.353320311;1.4085469527;1.3041598506;1.3403452636;295250401.2;1809466105.81;"2024-12-06T23:59:59.999Z"
"2024-12-05T00:00:00.000Z";"2024-12-05T23:59:59.999Z";"2024-12-05T12:28:00.000Z";"2024-12-05T01:28:00.000Z";"2781";1.2894921839;1.433076297;1.2460646569;1.3369019822;544859041.8;1804817675.94;"2024-12-05T23:59:59.999Z"
"2024-12-04T00:00:00.000Z";"2024-12-04T23:59:59.999Z";"2024-12-04T05:22:00.000Z";"2024-12-04T00:01:00.000Z";"2781";1.245649548;1.3382626865;1.2441181861;1.2894921839;486473711.84;1740814448.29;"2024-12-04T23:59:59.999Z"
"2024-12-03T00:00:00.000Z";"2024-12-03T23:59:59.999Z";"2024-12-03T21:55:00.000Z";"2024-12-03T14:37:00.000Z";"2781";1.2026115183;1.2945719854;1.1054539881;1.245649548;413848707.2;1681626889.81;"2024-12-03T23:59:59.999Z"
"2024-12-02T00:00:00.000Z";"2024-12-02T23:59:59.999Z";"2024-12-02T00:28:00.000Z";"2024-12-02T18:01:00.000Z";"2781";1.2497571955;1.263814548;1.1248286873;1.2026065302;296351748.81;1623525549.72;"2024-12-02T23:59:59.999Z"
"2024-12-01T00:00:00.000Z";"2024-12-01T23:59:59.999Z";"2024-12-01T16:34:00.000Z";"2024-12-01T03:01:00.000Z";"2781";1.1597437107;1.2658927367;1.1248262106;1.2479960424;251556827.8;1684771464.66;"2024-12-01T23:59:59.999Z"
"2024-11-30T00:00:00.000Z";"2024-11-30T23:59:59.999Z";"2024-11-30T21:48:00.000Z";"2024-11-30T01:08:00.000Z";"2781";1.1595472191;1.1879419953;1.1382850556;1.1597437107;175658072.66;1565657995.16;"2024-11-30T23:59:59.999Z"
"2024-11-29T00:00:00.000Z";"2024-11-29T23:59:59.999Z";"2024-11-29T12:17:00.000Z";"2024-11-29T01:42:00.000Z";"2781";1.1315768073;1.1946931147;1.1216177894;1.1595472191;215734997.49;1565388745.82;"2024-11-29T23:59:59.999Z"
"2024-11-28T00:00:00.000Z";"2024-11-28T23:59:59.999Z";"2024-11-28T02:26:00.000Z";"2024-11-28T15:55:00.000Z";"2781";1.1204777254;1.1475011172;1.0804659298;1.1315768073;191210477.01;1527628689.87;"2024-11-28T23:59:59.999Z"
"2024-11-27T00:00:00.000Z";"2024-11-27T23:59:59.999Z";"2024-11-27T22:34:00.000Z";"2024-11-27T01:05:00.000Z";"2781";1.034376215;1.1291971807;1.0187470998;1.1204777254;185145121.28;1512644929.25;"2024-11-27T23:59:59.999Z"
"2024-11-26T00:00:00.000Z";"2024-11-26T23:59:59.999Z";"2024-11-26T06:31:00.000Z";"2024-11-26T18:38:00.000Z";"2781";1.0677555615;1.099052625;0.9850487893;1.034376215;210128675.23;1396407890.3;"2024-11-26T23:59:59.999Z"
"2024-11-25T00:00:00.000Z";"2024-11-25T23:59:59.999Z";"2024-11-25T09:22:00.000Z";"2024-11-25T22:41:00.000Z";"2781";1.1264599716;1.1643660853;1.0448158476;1.0677555615;222221037.15;1441470008.04;"2024-11-25T23:59:59.999Z"
"2024-11-24T00:00:00.000Z";"2024-11-24T23:59:59.999Z";"2024-11-24T01:56:00.000Z";"2024-11-24T12:46:00.000Z";"2781";1.1308289802;1.1766943473;1.0535174439;1.1264599716;231134693.85;1521094275.17;"2024-11-24T23:59:59.999Z"
"2024-11-23T00:00:00.000Z";"2024-11-23T23:59:59.999Z";"2024-11-23T14:40:00.000Z";"2024-11-23T20:31:00.000Z";"2781";1.122664834;1.1972604086;1.0968292244;1.1307261646;252571643.18;1526480322.23;"2024-11-23T23:59:59.999Z"
"2024-11-22T00:00:00.000Z";"2024-11-22T23:59:59.999Z";"2024-11-22T03:21:00.000Z";"2024-11-22T19:20:00.000Z";"2781";1.1330377964;1.165875543;1.0812577067;1.1226428604;192699743.64;1515567861.56;"2024-11-22T23:59:59.999Z"
"2024-11-21T00:00:00.000Z";"2024-11-21T23:59:59.999Z";"2024-11-21T17:36:00.000Z";"2024-11-21T02:46:00.000Z";"2781";1.0698094629;1.1671982826;1.0180432808;1.1330627365;236623109.21;1529634694.31;"2024-11-21T23:59:59.999Z"
"2024-11-20T00:00:00.000Z";"2024-11-20T23:59:59.999Z";"2024-11-20T00:00:00.000Z";"2024-11-20T19:30:00.000Z";"2781";1.1380283619;1.1380283619;1.054591952;1.0698094629;139689171.83;1444242774.92;"2024-11-20T23:59:59.999Z"
"2024-11-19T00:00:00.000Z";"2024-11-19T23:59:59.999Z";"2024-11-19T12:09:00.000Z";"2024-11-19T22:34:00.000Z";"2781";1.1735031643;1.1914998496;1.1158066365;1.1380283619;175017166.36;1536338288.62;"2024-11-19T23:59:59.999Z"
"2024-11-18T00:00:00.000Z";"2024-11-18T23:59:59.999Z";"2024-11-18T04:07:00.000Z";"2024-11-18T19:27:00.000Z";"2781";1.1922328275;1.2257706365;1.1317293935;1.1735031643;269796388.31;1584229271.82;"2024-11-18T23:59:59.999Z"
"2024-11-17T00:00:00.000Z";"2024-11-17T23:59:59.999Z";"2024-11-17T05:12:00.000Z";"2024-11-17T02:17:00.000Z";"2781";1.1198091859;1.315039237;1.0965575711;1.1922244757;512522323.56;1609503042.21;"2024-11-17T23:59:59.999Z"
"2024-11-16T00:00:00.000Z";"2024-11-16T23:59:59.999Z";"2024-11-16T03:59:00.000Z";"2024-11-16T16:12:00.000Z";"2781";1.135693318;1.1590888588;1.0874359835;1.1198091859;143129673.68;1511742400.97;"2024-11-16T23:59:59.999Z"
"2024-11-15T00:00:00.000Z";"2024-11-15T23:59:59.999Z";"2024-11-15T22:41:00.000Z";"2024-11-15T04:57:00.000Z";"2781";1.0685559269;1.1408359492;1.0330320716;1.1345694826;155765366.01;1531668801.46;"2024-11-15T23:59:59.999Z"
"2024-11-14T00:00:00.000Z";"2024-11-14T23:59:59.999Z";"2024-11-14T10:00:00.000Z";"2024-11-14T23:42:00.000Z";"2781";1.1643720503;1.201344377;1.0565157633;1.0686914143;233089059.35;1442733409.32;"2024-11-14T23:59:59.999Z"
"2024-11-13T00:00:00.000Z";"2024-11-13T23:59:59.999Z";"2024-11-13T19:05:00.000Z";"2024-11-13T06:40:00.000Z";"2781";1.1724155181;1.2218628559;1.0635500948;1.1643720503;353774942.31;1571902267.85;"2024-11-13T23:59:59.999Z"
"2024-11-12T00:00:00.000Z";"2024-11-12T23:59:59.999Z";"2024-11-12T09:05:00.000Z";"2024-11-12T13:52:00.000Z";"2781";1.2428504799;1.269786027;1.0999762743;1.1724218643;408696465.58;1582760949.46;"2024-11-12T23:59:59.999Z"
"2024-11-11T00:00:00.000Z";"2024-11-11T23:59:59.999Z";"2024-11-11T00:10:00.000Z";"2024-11-11T06:46:00.000Z";"2781";1.2516229459;1.2537523076;1.1761631432;1.2428504799;406893561.85;1677848147.85;"2024-11-11T23:59:59.999Z"
"2024-11-10T00:00:00.000Z";"2024-11-10T23:59:59.999Z";"2024-11-10T17:55:00.000Z";"2024-11-10T21:14:00.000Z";"2781";1.2185458793;1.2961935375;1.1763188496;1.2516229459;382441845.51;1689690977.03;"2024-11-10T23:59:59.999Z"
"2024-11-09T00:00:00.000Z";"2024-11-09T23:59:59.999Z";"2024-11-09T11:20:00.000Z";"2024-11-09T02:28:00.000Z";"2781";1.1135392361;1.2565482782;1.0972170951;1.2185458793;314344191.03;1645020741.71;"2024-11-09T23:59:59.999Z"
"2024-11-08T00:00:00.000Z";"2024-11-08T23:59:59.999Z";"2024-11-08T14:15:00.000Z";"2024-11-08T00:00:00.000Z";"2781";1.0551480551;1.1379311346;1.0551276666;1.0970066544;315394161.14;1480949612.48;"2024-11-08T23:59:59.999Z"
"2024-11-07T00:00:00.000Z";"2024-11-07T23:59:59.999Z";"2024-11-07T02:23:00.000Z";"2024-11-07T14:50:00.000Z";"2781";1.0371001549;1.0719235866;0.9869009576;1.0351850315;171506992.45;1397480822.37;"2024-11-07T23:59:59.999Z"
"2024-11-06T00:00:00.000Z";"2024-11-06T23:59:59.999Z";"2024-11-06T22:55:00.000Z";"2024-11-06T00:11:00.000Z";"2781";0.9188084091;1.0461266111;0.9135926981;1.0456608454;252197168.08;1411625235.08;"2024-11-06T23:59:59.999Z"
"2024-11-05T00:00:00.000Z";"2024-11-05T23:59:59.999Z";"2024-11-05T17:09:00.000Z";"2024-11-05T00:00:00.000Z";"2781";0.8538920974;0.9470353384;0.8537219944;0.9188084091;96471380.24;1240391352.36;"2024-11-05T23:59:59.999Z"
"2024-11-04T00:00:00.000Z";"2024-11-04T23:59:59.999Z";"2024-11-04T12:13:00.000Z";"2024-11-04T21:59:00.000Z";"2781";0.8845206833;0.9067764159;0.8314254464;0.8539075803;82065639.97;1152754331.55;"2024-11-04T23:59:59.999Z"
"2024-11-03T00:00:00.000Z";"2024-11-03T23:59:59.999Z";"2024-11-03T00:19:00.000Z";"2024-11-03T15:10:00.000Z";"2781";0.9307249411;0.9336414133;0.8456497057;0.8853587408;83558678.56;1195324616.96;"2024-11-03T23:59:59.999Z"
"2024-11-02T00:00:00.000Z";"2024-11-02T23:59:59.999Z";"2024-11-02T02:31:00.000Z";"2024-11-02T18:16:00.000Z";"2781";0.9604340677;0.9762362517;0.9192735756;0.9307249411;54048070.08;1256478670.55;"2024-11-02T23:59:59.999Z"
"2024-11-01T00:00:00.000Z";"2024-11-01T23:59:59.999Z";"2024-11-01T14:22:00.000Z";"2024-11-01T07:20:00.000Z";"2781";0.966076004;1.0196041153;0.9436246381;0.9604340677;110251744.35;1296585991.45;"2024-11-01T23:59:59.999Z"
"2024-10-31T00:00:00.000Z";"2024-10-31T23:59:59.999Z";"2024-10-31T02:43:00.000Z";"2024-10-31T22:26:00.000Z";"2781";1.0093210929;1.0228751327;0.9605174059;0.966076004;80405669.43;1304202605.38;"2024-10-31T23:59:59.999Z"
"2024-10-30T00:00:00.000Z";"2024-10-30T23:59:59.999Z";"2024-10-30T05:18:00.000Z";"2024-10-30T15:26:00.000Z";"2781";1.0470251911;1.0721302172;0.9990729387;1.0092373811;111248313.54;1362470464.45;"2024-10-30T23:59:59.999Z"
"2024-10-29T00:00:00.000Z";"2024-10-29T23:59:59.999Z";"2024-10-29T17:09:00.000Z";"2024-10-29T20:33:00.000Z";"2781";1.0417693635;1.0780824031;1.0283626405;1.0470251911;175870168.66;1413484008.03;"2024-10-29T23:59:59.999Z"
"2024-10-28T00:00:00.000Z";"2024-10-28T23:59:59.999Z";"2024-10-28T13:51:00.000Z";"2024-10-28T06:36:00.000Z";"2781";1.0175228611;1.0622141039;0.9871316497;1.0417713221;213084646.89;1406391284.83;"2024-10-28T23:59:59.999Z"
"2024-10-27T00:00:00.000Z";"2024-10-27T23:59:59.999Z";"2024-10-27T14:52:00.000Z";"2024-10-27T00:20:00.000Z";"2781";0.9769728443;1.0618360432;0.9731756962;1.0175087692;160891884.2;1373655862.48;"2024-10-27T23:59:59.999Z"
"2024-10-26T00:00:00.000Z";"2024-10-26T23:59:59.999Z";"2024-10-26T20:19:00.000Z";"2024-10-26T02:15:00.000Z";"2781";0.9520930846;1.0001926229;0.9298376998;0.9769728443;118507283.53;1318959889.04;"2024-10-26T23:59:59.999Z"
"2024-10-25T00:00:00.000Z";"2024-10-25T23:59:59.999Z";"2024-10-25T00:01:00.000Z";"2024-10-25T23:26:00.000Z";"2781";1.0663089122;1.0667019176;0.9121880074;0.952093199;208088575.09;1285325664.17;"2024-10-25T23:59:59.999Z"
"2024-10-24T00:00:00.000Z";"2024-10-24T23:59:59.999Z";"2024-10-24T02:46:00.000Z";"2024-10-24T16:16:00.000Z";"2781";1.069480017;1.1107620029;1.0097420419;1.0776641172;226393660.88;1454634977.14;"2024-10-24T23:59:59.999Z"
"2024-10-23T00:00:00.000Z";"2024-10-23T23:59:59.999Z";"2024-10-23T20:22:00.000Z";"2024-10-23T07:17:00.000Z";"2781";0.9895481878;1.0740985039;0.9646233771;1.0537388958;280806029.45;1422547509.29;"2024-10-23T23:59:59.999Z"
"2024-10-22T00:00:00.000Z";"2024-10-22T23:59:59.999Z";"2024-10-22T15:02:00.000Z";"2024-10-22T09:43:00.000Z";"2781";0.9662788895;1.0105202963;0.9449167363;0.9894772789;179391059.25;1335890053.47;"2024-10-22T23:59:59.999Z"
"2024-10-21T00:00:00.000Z";"2024-10-21T23:59:59.999Z";"2024-10-21T00:13:00.000Z";"2024-10-21T13:56:00.000Z";"2781";0.9732010026;1.0239389657;0.9473016282;0.9662788895;191545268.81;1304476500.82;"2024-10-21T23:59:59.999Z"
"2024-10-20T00:00:00.000Z";"2024-10-20T23:59:59.999Z";"2024-10-20T22:58:00.000Z";"2024-10-20T03:30:00.000Z";"2781";0.9143183937;0.9815563549;0.8894456486;0.9808728022;163425302.3;1324173683.32;"2024-10-20T23:59:59.999Z"
"2024-10-19T00:00:00.000Z";"2024-10-19T23:59:59.999Z";"2024-10-19T23:08:00.000Z";"2024-10-19T12:02:00.000Z";"2781";0.8667810087;0.9206416554;0.847732725;0.9143183937;74445623.78;1234329831.55;"2024-10-19T23:59:59.999Z"
"2024-10-18T00:00:00.000Z";"2024-10-18T23:59:59.999Z";"2024-10-18T09:32:00.000Z";"2024-10-18T01:01:00.000Z";"2781";0.818520856;0.8749649961;0.8160781469;0.8667810087;96010979.49;1170154361.79;"2024-10-18T23:59:59.999Z"
"2024-10-17T00:00:00.000Z";"2024-10-17T23:59:59.999Z";"2024-10-17T00:34:00.000Z";"2024-10-17T18:17:00.000Z";"2781";0.8548626117;0.8695254443;0.8070110536;0.8184018406;77304499.33;1104842484.77;"2024-10-17T23:59:59.999Z"
"2024-10-16T00:00:00.000Z";"2024-10-16T23:59:59.999Z";"2024-10-16T11:49:00.000Z";"2024-10-16T07:19:00.000Z";"2781";0.8784450587;0.8921004745;0.8490681174;0.8548652736;99533710.26;1154068119.38;"2024-10-16T23:59:59.999Z"
"2024-10-15T00:00:00.000Z";"2024-10-15T23:59:59.999Z";"2024-10-15T14:03:00.000Z";"2024-10-15T12:00:00.000Z";"2781";0.8855760539;0.9318952587;0.8449829715;0.8633963874;227292297.84;1165585123.05;"2024-10-15T23:59:59.999Z"
"2024-10-14T00:00:00.000Z";"2024-10-14T23:59:59.999Z";"2024-10-14T23:03:00.000Z";"2024-10-14T00:53:00.000Z";"2781";0.7943057752;0.8916839812;0.7896647429;0.8855794355;114004845.57;1195527672.79;"2024-10-14T23:59:59.999Z"
"2024-10-13T00:00:00.000Z";"2024-10-13T23:59:59.999Z";"2024-10-13T10:41:00.000Z";"2024-10-13T15:31:00.000Z";"2781";0.7912362986;0.8081025476;0.7704092671;0.7943057752;50949805.48;1072312796.5;"2024-10-13T23:59:59.999Z"
"2024-10-12T00:00:00.000Z";"2024-10-12T23:59:59.999Z";"2024-10-12T15:11:00.000Z";"2024-10-12T03:29:00.000Z";"2781";0.7846341251;0.8097462342;0.782777927;0.7912362986;45413567.75;1068169003.11;"2024-10-12T23:59:59.999Z"
"2024-10-11T00:00:00.000Z";"2024-10-11T23:59:59.999Z";"2024-10-11T17:40:00.000Z";"2024-10-11T01:16:00.000Z";"2781";0.7349113499;0.7935206995;0.7321146442;0.7846341251;62599360.75;1059256068.91;"2024-10-11T23:59:59.999Z"
"2024-10-10T00:00:00.000Z";"2024-10-10T23:59:59.999Z";"2024-10-10T23:26:00.000Z";"2024-10-10T18:29:00.000Z";"2781";0.7266682144;0.7353943502;0.7059158519;0.7349113499;57112603.34;992130322.31;"2024-10-10T23:59:59.999Z"
"2024-10-09T00:00:00.000Z";"2024-10-09T23:59:59.999Z";"2024-10-09T01:39:00.000Z";"2024-10-09T21:03:00.000Z";"2781";0.7441523665;0.7562864416;0.7159771915;0.7254777052;53057823.46;979394902.04;"2024-10-09T23:59:59.999Z"
"2024-10-08T00:00:00.000Z";"2024-10-08T23:59:59.999Z";"2024-10-08T02:13:00.000Z";"2024-10-08T19:17:00.000Z";"2781";0.7679418422;0.7797491395;0.7333221583;0.743443706;64423002.26;1003649003.11;"2024-10-08T23:59:59.999Z"
"2024-10-07T00:00:00.000Z";"2024-10-07T23:59:59.999Z";"2024-10-07T14:43:00.000Z";"2024-10-07T23:59:00.000Z";"2781";0.7894151563;0.8146722678;0.7678623448;0.7679418422;80008734.15;1036721486.95;"2024-10-07T23:59:59.999Z"
"2024-10-06T00:00:00.000Z";"2024-10-06T23:59:59.999Z";"2024-10-06T16:09:00.000Z";"2024-10-06T04:49:00.000Z";"2781";0.7652313788;0.792659835;0.7604240609;0.7894151563;39112488.15;1065710460.99;"2024-10-06T23:59:59.999Z"
"2024-10-05T00:00:00.000Z";"2024-10-05T23:59:59.999Z";"2024-10-05T09:51:00.000Z";"2024-10-05T21:07:00.000Z";"2781";0.7801605702;0.7905301649;0.7544197374;0.7652088337;40212712.67;1033031925.46;"2024-10-05T23:59:59.999Z"
"2024-10-04T00:00:00.000Z";"2024-10-04T23:59:59.999Z";"2024-10-04T21:14:00.000Z";"2024-10-04T01:02:00.000Z";"2781";0.7424615635;0.7909871592;0.7353674125;0.7801605702;62020275.26;1053216769.75;"2024-10-04T23:59:59.999Z"
"2024-10-03T00:00:00.000Z";"2024-10-03T23:59:59.999Z";"2024-10-03T04:50:00.000Z";"2024-10-03T15:44:00.000Z";"2781";0.771043583;0.7851453192;0.7239375597;0.7438031401;87078124.85;1004134239.1;"2024-10-03T23:59:59.999Z"
"2024-10-02T00:00:00.000Z";"2024-10-02T23:59:59.999Z";"2024-10-02T07:43:00.000Z";"2024-10-02T19:22:00.000Z";"2781";0.8110463118;0.8314540926;0.7621686558;0.771043583;88876198.89;1040908837;"2024-10-02T23:59:59.999Z"
"2024-10-01T00:00:00.000Z";"2024-10-01T23:59:59.999Z";"2024-10-01T11:16:00.000Z";"2024-10-01T20:43:00.000Z";"2781";0.8714829449;0.9032415208;0.785359019;0.8108711187;119913821.77;1094676010.24;"2024-10-01T23:59:59.999Z"
"2024-09-30T00:00:00.000Z";"2024-09-30T23:59:59.999Z";"2024-09-30T01:36:00.000Z";"2024-09-30T23:44:00.000Z";"2781";0.9184634777;0.923047325;0.8665788389;0.8714829449;106768561.29;1176501975.62;"2024-09-30T23:59:59.999Z"
"2024-09-29T00:00:00.000Z";"2024-09-29T23:59:59.999Z";"2024-09-29T21:26:00.000Z";"2024-09-29T08:31:00.000Z";"2781";0.9203374616;0.9407248629;0.8891827066;0.9184634777;82423187.97;1239925694.85;"2024-09-29T23:59:59.999Z"
"2024-09-28T00:00:00.000Z";"2024-09-28T23:59:59.999Z";"2024-09-28T02:43:00.000Z";"2024-09-28T09:10:00.000Z";"2781";0.9398590169;0.9543507403;0.9042780164;0.9203317403;71928285.08;1242447849.43;"2024-09-28T23:59:59.999Z"
"2024-09-27T00:00:00.000Z";"2024-09-27T23:59:59.999Z";"2024-09-27T15:23:00.000Z";"2024-09-27T11:46:00.000Z";"2781";0.9364497632;0.9645884557;0.9243794381;0.9398590169;133947642.61;1268809672.76;"2024-09-27T23:59:59.999Z"
"2024-09-26T00:00:00.000Z";"2024-09-26T23:59:59.999Z";"2024-09-26T16:18:00.000Z";"2024-09-26T00:54:00.000Z";"2781";0.8656958725;0.9624763438;0.8601780854;0.9364497632;149283561.71;1264207180.32;"2024-09-26T23:59:59.999Z"
"2024-09-25T00:00:00.000Z";"2024-09-25T23:59:59.999Z";"2024-09-25T01:42:00.000Z";"2024-09-25T23:38:00.000Z";"2781";0.902130265;0.9133527456;0.8620603768;0.8656958725;102998825.5;1168689427.82;"2024-09-25T23:59:59.999Z"
"2024-09-24T00:00:00.000Z";"2024-09-24T23:59:59.999Z";"2024-09-24T23:01:00.000Z";"2024-09-24T02:16:00.000Z";"2781";0.8176665315;0.9128719241;0.8059868485;0.902130265;150248648.32;1217875857.81;"2024-09-24T23:59:59.999Z"
"2024-09-23T00:00:00.000Z";"2024-09-23T23:59:59.999Z";"2024-09-23T03:32:00.000Z";"2024-09-23T21:23:00.000Z";"2781";0.8251570227;0.8530376317;0.8034947693;0.8176665315;99327388.86;1103849817.55;"2024-09-23T23:59:59.999Z"
"2024-09-22T00:00:00.000Z";"2024-09-22T23:59:59.999Z";"2024-09-22T00:11:00.000Z";"2024-09-22T22:10:00.000Z";"2781";0.8597047642;0.8644055046;0.8037121134;0.8251570227;60837033.61;1113961980.65;"2024-09-22T23:59:59.999Z"
"2024-09-21T00:00:00.000Z";"2024-09-21T23:59:59.999Z";"2024-09-21T23:54:00.000Z";"2024-09-21T04:40:00.000Z";"2781";0.8395529636;0.8619274461;0.8214223764;0.8597047642;48910051.24;1160601431.67;"2024-09-21T23:59:59.999Z"
"2024-09-20T00:00:00.000Z";"2024-09-20T23:59:59.999Z";"2024-09-20T06:58:00.000Z";"2024-09-20T01:17:00.000Z";"2781";0.8026417838;0.8907804447;0.7902270686;0.8395529636;129330425.01;1133396500.85;"2024-09-20T23:59:59.999Z"
"2024-09-19T00:00:00.000Z";"2024-09-19T23:59:59.999Z";"2024-09-19T18:50:00.000Z";"2024-09-19T00:00:00.000Z";"2781";0.7547468094;0.8234368874;0.7547468094;0.8026417838;95177917.63;1083566408.14;"2024-09-19T23:59:59.999Z"
"2024-09-18T00:00:00.000Z";"2024-09-18T23:59:59.999Z";"2024-09-18T23:59:00.000Z";"2024-09-18T15:49:00.000Z";"2781";0.7313419491;0.7547468094;0.7063575415;0.7547468094;65899480.24;1018908192.65;"2024-09-18T23:59:59.999Z"
"2024-09-17T00:00:00.000Z";"2024-09-17T23:59:59.999Z";"2024-09-17T15:23:00.000Z";"2024-09-17T01:17:00.000Z";"2781";0.7296689569;0.7540179419;0.7221660273;0.7313419491;53933820.26;987311631.32;"2024-09-17T23:59:59.999Z"
"2024-09-16T00:00:00.000Z";"2024-09-16T23:59:59.999Z";"2024-09-16T08:34:00.000Z";"2024-09-16T02:59:00.000Z";"2781";0.7327754045;0.7385115137;0.7136336397;0.7296695889;47230955.29;985053091.83;"2024-09-16T23:59:59.999Z"
"2024-09-15T00:00:00.000Z";"2024-09-15T23:59:59.999Z";"2024-09-15T02:58:00.000Z";"2024-09-15T23:13:00.000Z";"2781";0.770435527;0.7755473489;0.7284779569;0.7327754045;38780121.81;989246796.03;"2024-09-15T23:59:59.999Z"
"2024-09-14T00:00:00.000Z";"2024-09-14T23:59:59.999Z";"2024-09-14T04:40:00.000Z";"2024-09-14T18:11:00.000Z";"2781";0.7825370305;0.7900151028;0.7651122608;0.7704356733;36196879.91;1040088158.91;"2024-09-14T23:59:59.999Z"
"2024-09-13T00:00:00.000Z";"2024-09-13T23:59:59.999Z";"2024-09-13T22:22:00.000Z";"2024-09-13T12:28:00.000Z";"2781";0.7673996152;0.7866684208;0.7400848819;0.782538005;55724106.97;1056426306.7;"2024-09-13T23:59:59.999Z"
"2024-09-12T00:00:00.000Z";"2024-09-12T23:59:59.999Z";"2024-09-12T22:38:00.000Z";"2024-09-12T00:01:00.000Z";"2781";0.7188392911;0.7741022792;0.7185649067;0.7673996152;76803809.3;1035989480.56;"2024-09-12T23:59:59.999Z"
"2024-09-11T00:00:00.000Z";"2024-09-11T23:59:59.999Z";"2024-09-11T00:49:00.000Z";"2024-09-11T14:50:00.000Z";"2781";0.7382315952;0.7382681076;0.6970422324;0.7188392911;63843966.64;970433043;"2024-09-11T23:59:59.999Z"
"2024-09-10T00:00:00.000Z";"2024-09-10T23:59:59.999Z";"2024-09-10T18:44:00.000Z";"2024-09-10T02:28:00.000Z";"2781";0.7356504275;0.7501790729;0.7222320498;0.7382315952;52732760.78;996612653.58;"2024-09-10T23:59:59.999Z"
"2024-09-09T00:00:00.000Z";"2024-09-09T23:59:59.999Z";"2024-09-09T21:21:00.000Z";"2024-09-09T05:55:00.000Z";"2781";0.7086617436;0.7439800803;0.6960017688;0.7356504275;66079713.59;993128077.17;"2024-09-09T23:59:59.999Z"
"2024-09-08T00:00:00.000Z";"2024-09-08T23:59:59.999Z";"2024-09-08T22:31:00.000Z";"2024-09-08T16:17:00.000Z";"2781";0.6978493631;0.7172338678;0.6916843258;0.7086617436;46917678.86;956693353.91;"2024-09-08T23:59:59.999Z"
"2024-09-07T00:00:00.000Z";"2024-09-07T23:59:59.999Z";"2024-09-07T15:37:00.000Z";"2024-09-07T01:56:00.000Z";"2781";0.6844472477;0.7085148275;0.6800612167;0.6978493631;44940742.52;942096640.18;"2024-09-07T23:59:59.999Z"
"2024-09-06T00:00:00.000Z";"2024-09-06T23:59:59.999Z";"2024-09-06T12:55:00.000Z";"2024-09-06T21:04:00.000Z";"2781";0.7072009658;0.7307002016;0.6615091372;0.6844472477;88785461.91;924003784.4;"2024-09-06T23:59:59.999Z"
"2024-09-05T00:00:00.000Z";"2024-09-05T23:59:59.999Z";"2024-09-05T00:31:00.000Z";"2024-09-05T19:46:00.000Z";"2781";0.7331043296;0.7377035131;0.6997197981;0.7071949557;48280724.65;954721303.87;"2024-09-05T23:59:59.999Z"
"2024-09-04T00:00:00.000Z";"2024-09-04T23:59:59.999Z";"2024-09-04T16:37:00.000Z";"2024-09-04T01:06:00.000Z";"2781";0.7031988856;0.7422993982;0.6788442252;0.7331043296;70611512.49;989690845;"2024-09-04T23:59:59.999Z"
"2024-09-03T00:00:00.000Z";"2024-09-03T23:59:59.999Z";"2024-09-03T02:23:00.000Z";"2024-09-03T23:59:00.000Z";"2781";0.7421076009;0.7575154649;0.7032299303;0.7032299303;50009769.42;949318495.61;"2024-09-03T23:59:59.999Z"
"2024-09-02T00:00:00.000Z";"2024-09-02T23:59:59.999Z";"2024-09-02T21:30:00.000Z";"2024-09-02T07:49:00.000Z";"2781";0.7062777654;0.7452592112;0.7005671512;0.7421076009;60227947.5;1001845261.17;"2024-09-02T23:59:59.999Z"
"2024-09-01T00:00:00.000Z";"2024-09-01T23:59:59.999Z";"2024-09-01T20:25:00.000Z";"2024-09-01T23:16:00.000Z";"2781";0.7428029149;0.7456929474;0.7040918504;0.7062777654;54468577.69;953474983.26;"2024-09-01T23:59:59.999Z"
"2024-08-31T00:00:00.000Z";"2024-08-31T23:59:59.999Z";"2024-08-31T00:49:00.000Z";"2024-08-31T20:10:00.000Z";"2781";0.7597614163;0.7653909735;0.7369472573;0.7428029149;36040432.25;1002783935.06;"2024-08-31T23:59:59.999Z"
"2024-08-30T00:00:00.000Z";"2024-08-30T23:59:59.999Z";"2024-08-30T00:40:00.000Z";"2024-08-30T16:29:00.000Z";"2781";0.7747284356;0.7818564717;0.7279522628;0.7597614163;72854023.16;1025677911.94;"2024-08-30T23:59:59.999Z"
"2024-08-29T00:00:00.000Z";"2024-08-29T23:59:59.999Z";"2024-08-29T16:11:00.000Z";"2024-08-29T22:11:00.000Z";"2781";0.7908451499;0.8147665822;0.7656838142;0.774695635;76943047.29;1045839107.29;"2024-08-29T23:59:59.999Z"
"2024-08-28T00:00:00.000Z";"2024-08-28T23:59:59.999Z";"2024-08-28T12:44:00.000Z";"2024-08-28T16:25:00.000Z";"2781";0.8039962837;0.8236382405;0.7711830848;0.7908451499;105928645.98;1067640952.36;"2024-08-28T23:59:59.999Z"
"2024-08-27T00:00:00.000Z";"2024-08-27T23:59:59.999Z";"2024-08-27T05:52:00.000Z";"2024-08-27T22:37:00.000Z";"2781";0.8791694364;0.906726757;0.7925051174;0.8039961533;120249137.27;1085394983.04;"2024-08-27T23:59:59.999Z"
"2024-08-26T00:00:00.000Z";"2024-08-26T23:59:59.999Z";"2024-08-26T10:49:00.000Z";"2024-08-26T02:23:00.000Z";"2781";0.8867961347;0.9252998848;0.8763444955;0.8791694364;137471405.99;1186878739.08;"2024-08-26T23:59:59.999Z"
"2024-08-25T00:00:00.000Z";"2024-08-25T23:59:59.999Z";"2024-08-25T00:00:00.000Z";"2024-08-25T07:46:00.000Z";"2781";0.9210916952;0.9211033837;0.8665420184;0.8867948081;73090989.82;1197174781.91;"2024-08-25T23:59:59.999Z"
"2024-08-24T00:00:00.000Z";"2024-08-24T23:59:59.999Z";"2024-08-24T18:34:00.000Z";"2024-08-24T01:46:00.000Z";"2781";0.8779669425;0.9449157479;0.8698840898;0.9210916952;94666078.55;1243473788.47;"2024-08-24T23:59:59.999Z"
"2024-08-23T00:00:00.000Z";"2024-08-23T23:59:59.999Z";"2024-08-23T22:28:00.000Z";"2024-08-23T00:05:00.000Z";"2781";0.8037640008;0.8876654955;0.8028437677;0.8779872398;76941194.59;1185255372.43;"2024-08-23T23:59:59.999Z"
"2024-08-22T00:00:00.000Z";"2024-08-22T23:59:59.999Z";"2024-08-22T12:05:00.000Z";"2024-08-22T02:56:00.000Z";"2781";0.7948415068;0.8113156191;0.7818886696;0.8037640008;52047692.69;1085081401.06;"2024-08-22T23:59:59.999Z"
"2024-08-21T00:00:00.000Z";"2024-08-21T23:59:59.999Z";"2024-08-21T20:13:00.000Z";"2024-08-21T13:46:00.000Z";"2781";0.78041232;0.8028786118;0.7649913403;0.7948415068;61396541.28;1073036034.25;"2024-08-21T23:59:59.999Z"
"2024-08-20T00:00:00.000Z";"2024-08-20T23:59:59.999Z";"2024-08-20T05:26:00.000Z";"2024-08-20T15:09:00.000Z";"2781";0.7783259249;0.8106832261;0.7693808249;0.7874269918;68088818.27;1063026438.9;"2024-08-20T23:59:59.999Z"
"2024-08-19T00:00:00.000Z";"2024-08-19T23:59:59.999Z";"2024-08-19T20:38:00.000Z";"2024-08-19T11:31:00.000Z";"2781";0.7639700501;0.7800229886;0.7431627617;0.7736574607;61092672.11;1044437571.95;"2024-08-19T23:59:59.999Z"
"2024-08-18T00:00:00.000Z";"2024-08-18T23:59:59.999Z";"2024-08-18T16:53:00.000Z";"2024-08-18T04:34:00.000Z";"2781";0.759258116;0.792034427;0.7517459864;0.7639700501;51857187.3;1031359567.66;"2024-08-18T23:59:59.999Z"
"2024-08-17T00:00:00.000Z";"2024-08-17T23:59:59.999Z";"2024-08-17T22:10:00.000Z";"2024-08-17T11:05:00.000Z";"2781";0.7443584044;0.7630279049;0.7357499043;0.759258116;40143939.69;1024998456.62;"2024-08-17T23:59:59.999Z"
"2024-08-16T00:00:00.000Z";"2024-08-16T23:59:59.999Z";"2024-08-16T06:58:00.000Z";"2024-08-16T17:25:00.000Z";"2781";0.7709496811;0.7809920255;0.7265715308;0.7443643151;64559588.31;1004891825.33;"2024-08-16T23:59:59.999Z"
"2024-08-15T00:00:00.000Z";"2024-08-15T23:59:59.999Z";"2024-08-15T00:52:00.000Z";"2024-08-15T19:11:00.000Z";"2781";0.7917252843;0.7983587601;0.7457282225;0.7709496811;82808269.88;1040782069.54;"2024-08-15T23:59:59.999Z"
"2024-08-14T00:00:00.000Z";"2024-08-14T23:59:59.999Z";"2024-08-14T12:46:00.000Z";"2024-08-14T22:11:00.000Z";"2781";0.8192347145;0.8444083174;0.7832279774;0.7917252843;81882193.22;1068829133.83;"2024-08-14T23:59:59.999Z"
"2024-08-13T00:00:00.000Z";"2024-08-13T23:59:59.999Z";"2024-08-13T17:04:00.000Z";"2024-08-13T10:26:00.000Z";"2781";0.8175709555;0.8321437827;0.7939779159;0.8192327083;77730802.7;1105966864.64;"2024-08-13T23:59:59.999Z"
"2024-08-12T00:00:00.000Z";"2024-08-12T23:59:59.999Z";"2024-08-12T14:43:00.000Z";"2024-08-12T00:04:00.000Z";"2781";0.7866710221;0.8452083772;0.7848298009;0.8175709555;106309471.3;1103720789.97;"2024-08-12T23:59:59.999Z"
"2024-08-11T00:00:00.000Z";"2024-08-11T23:59:59.999Z";"2024-08-11T09:25:00.000Z";"2024-08-11T23:52:00.000Z";"2781";0.8679030513;0.8910582214;0.7863899464;0.7866710221;79838581.44;1062005879.88;"2024-08-11T23:59:59.999Z"
"2024-08-10T00:00:00.000Z";"2024-08-10T23:59:59.999Z";"2024-08-10T00:25:00.000Z";"2024-08-10T17:43:00.000Z";"2781";0.8838467896;0.8971077181;0.8565830449;0.8679052543;64359078.35;1171672093.3;"2024-08-10T23:59:59.999Z"
"2024-08-09T00:00:00.000Z";"2024-08-09T23:59:59.999Z";"2024-08-09T00:01:00.000Z";"2024-08-09T16:02:00.000Z";"2781";0.9126750063;0.9129523159;0.8446493775;0.8838467896;96810615.94;1193193165.9;"2024-08-09T23:59:59.999Z"
"2024-08-08T00:00:00.000Z";"2024-08-08T23:59:59.999Z";"2024-08-08T23:58:00.000Z";"2024-08-08T00:43:00.000Z";"2781";0.7930873015;0.913185395;0.7757017074;0.9126750063;162306225.65;1232111258.48;"2024-08-08T23:59:59.999Z"
"2024-08-07T00:00:00.000Z";"2024-08-07T23:59:59.999Z";"2024-08-07T09:05:00.000Z";"2024-08-07T22:29:00.000Z";"2781";0.8272997208;0.8983470684;0.7893086611;0.7930873015;186634114.21;1070667857.07;"2024-08-07T23:59:59.999Z"
"2024-08-06T00:00:00.000Z";"2024-08-06T23:59:59.999Z";"2024-08-06T22:21:00.000Z";"2024-08-06T00:02:00.000Z";"2781";0.7374124538;0.8638330244;0.7364093926;0.8272799784;197316995.23;1116827970.85;"2024-08-06T23:59:59.999Z"
"2024-08-05T00:00:00.000Z";"2024-08-05T23:59:59.999Z";"2024-08-05T00:07:00.000Z";"2024-08-05T13:31:00.000Z";"2781";0.8221364405;0.8292906069;0.6613411724;0.7374667943;406362310.04;995506812.64;"2024-08-05T23:59:59.999Z"
"2024-08-04T00:00:00.000Z";"2024-08-04T23:59:59.999Z";"2024-08-04T13:34:00.000Z";"2024-08-04T17:46:00.000Z";"2781";0.8376875176;0.8694137616;0.774218436;0.8221364405;145040087.96;1109884194.64;"2024-08-04T23:59:59.999Z"
"2024-08-03T00:00:00.000Z";"2024-08-03T23:59:59.999Z";"2024-08-03T00:26:00.000Z";"2024-08-03T20:59:00.000Z";"2781";0.9102473861;0.9185176384;0.8142142712;0.8376881125;129003925.17;1130878148.74;"2024-08-03T23:59:59.999Z"
"2024-08-02T00:00:00.000Z";"2024-08-02T23:59:59.999Z";"2024-08-02T00:22:00.000Z";"2024-08-02T21:32:00.000Z";"2781";1.027625083;1.0381510498;0.8963415905;0.9102473861;181071622.08;1228833971.28;"2024-08-02T23:59:59.999Z"
"2024-08-01T00:00:00.000Z";"2024-08-01T23:59:59.999Z";"2024-08-01T23:54:00.000Z";"2024-08-01T18:48:00.000Z";"2781";1.0010222947;1.028259894;0.9464019668;1.0276564607;152494874.31;1387293862.07;"2024-08-01T23:59:59.999Z"
"2024-07-31T00:00:00.000Z";"2024-07-31T23:59:59.999Z";"2024-07-31T13:43:00.000Z";"2024-07-31T23:52:00.000Z";"2781";1.043992568;1.0821037878;1.0009263152;1.0010177543;116205854.92;1351373968.37;"2024-07-31T23:59:59.999Z"
"2024-07-30T00:00:00.000Z";"2024-07-30T23:59:59.999Z";"2024-07-30T07:20:00.000Z";"2024-07-30T20:11:00.000Z";"2781";1.0910860121;1.1094795188;1.0341025486;1.0438910733;121097959.31;1409252948.96;"2024-07-30T23:59:59.999Z"
"2024-07-29T00:00:00.000Z";"2024-07-29T23:59:59.999Z";"2024-07-29T05:41:00.000Z";"2024-07-29T23:48:00.000Z";"2781";1.1195916229;1.220753363;1.0903040891;1.091066412;192564313.21;1472939656.21;"2024-07-29T23:59:59.999Z"
"2024-07-28T00:00:00.000Z";"2024-07-28T23:59:59.999Z";"2024-07-28T13:58:00.000Z";"2024-07-28T00:10:00.000Z";"2781";1.0988633063;1.154048397;1.0896597961;1.1195753452;124422124.64;1511448690.98;"2024-07-28T23:59:59.999Z"
"2024-07-27T00:00:00.000Z";"2024-07-27T23:59:59.999Z";"2024-07-27T09:28:00.000Z";"2024-07-27T02:13:00.000Z";"2781";1.0734206518;1.1779116234;1.0599196831;1.0989757167;220732675.62;1483465463.54;"2024-07-27T23:59:59.999Z"
"2024-07-26T00:00:00.000Z";"2024-07-26T23:59:59.999Z";"2024-07-26T16:47:00.000Z";"2024-07-26T00:03:00.000Z";"2781";0.9577616524;1.079645261;0.9566718297;1.0734119548;133303444.41;1449106139.01;"2024-07-26T23:59:59.999Z"
"2024-07-25T00:00:00.000Z";"2024-07-25T23:59:59.999Z";"2024-07-25T00:52:00.000Z";"2024-07-25T20:17:00.000Z";"2781";0.9966887869;1.0109471476;0.9244147552;0.9576205226;163387851.39;1292978230.75;"2024-07-25T23:59:59.999Z"
"2024-07-24T00:00:00.000Z";"2024-07-24T23:59:59.999Z";"2024-07-24T17:46:00.000Z";"2024-07-24T01:01:00.000Z";"2781";0.9510925187;1.0289252411;0.9457976311;0.9967050455;136316234.37;1345529862.29;"2024-07-24T23:59:59.999Z"
"2024-07-23T00:00:00.000Z";"2024-07-23T23:59:59.999Z";"2024-07-23T00:42:00.000Z";"2024-07-23T17:15:00.000Z";"2781";1.0080649344;1.0177370117;0.9388484773;0.9511076314;105453499.22;1283974900.23;"2024-07-23T23:59:59.999Z"
"2024-07-22T00:00:00.000Z";"2024-07-22T23:59:59.999Z";"2024-07-22T00:10:00.000Z";"2024-07-22T23:15:00.000Z";"2781";1.0860370552;1.0884829094;0.9978707845;1.0080649344;116047315.15;1360887661.41;"2024-07-22T23:59:59.999Z"
"2024-07-21T00:00:00.000Z";"2024-07-21T23:59:59.999Z";"2024-07-21T23:28:00.000Z";"2024-07-21T18:14:00.000Z";"2781";1.0369790425;1.0902229591;0.9953479857;1.0860275304;126407255.4;1466150024.47;"2024-07-21T23:59:59.999Z"
"2024-07-20T00:00:00.000Z";"2024-07-20T23:59:59.999Z";"2024-07-20T02:40:00.000Z";"2024-07-20T13:37:00.000Z";"2781";1.0149677504;1.0538240898;0.995001131;1.0370201458;121237586.69;1399977196.82;"2024-07-20T23:59:59.999Z"
"2024-07-19T00:00:00.000Z";"2024-07-19T23:59:59.999Z";"2024-07-19T16:37:00.000Z";"2024-07-19T01:22:00.000Z";"2781";0.9642152409;1.0339527337;0.9367453183;1.014993446;161936335.39;1370206462.98;"2024-07-19T23:59:59.999Z"
"2024-07-18T00:00:00.000Z";"2024-07-18T23:59:59.999Z";"2024-07-18T12:22:00.000Z";"2024-07-18T00:00:00.000Z";"2781";0.8963315032;0.9878901624;0.8963315032;0.9641500616;165945807.21;1301602583.11;"2024-07-18T23:59:59.999Z"
"2024-07-17T00:00:00.000Z";"2024-07-17T23:59:59.999Z";"2024-07-17T10:01:00.000Z";"2024-07-17T16:48:00.000Z";"2781";0.9093181314;0.9495483287;0.8900705455;0.8962346204;133161442.67;1209916737.57;"2024-07-17T23:59:59.999Z"
"2024-07-16T00:00:00.000Z";"2024-07-16T23:59:59.999Z";"2024-07-16T23:43:00.000Z";"2024-07-16T08:31:00.000Z";"2781";0.9091564094;0.9157335377;0.8446087667;0.909252974;148523356.6;1227491514.92;"2024-07-16T23:59:59.999Z"
"2024-07-15T00:00:00.000Z";"2024-07-15T23:59:59.999Z";"2024-07-15T23:53:00.000Z";"2024-07-15T00:18:00.000Z";"2781";0.8212946376;0.9105484207;0.8161011989;0.9094324168;135978423.5;1227733762.73;"2024-07-15T23:59:59.999Z"
"2024-07-14T00:00:00.000Z";"2024-07-14T23:59:59.999Z";"2024-07-14T22:02:00.000Z";"2024-07-14T00:01:00.000Z";"2781";0.7661483019;0.8269868258;0.7661233857;0.8212340306;117179922.85;1108665941.27;"2024-07-14T23:59:59.999Z"
"2024-07-13T00:00:00.000Z";"2024-07-13T23:59:59.999Z";"2024-07-13T23:23:00.000Z";"2024-07-13T09:05:00.000Z";"2781";0.7616937706;0.7779808832;0.7516832111;0.7661585338;62724608.64;1034314020.64;"2024-07-13T23:59:59.999Z"
"2024-07-12T00:00:00.000Z";"2024-07-12T23:59:59.999Z";"2024-07-12T18:51:00.000Z";"2024-07-12T01:27:00.000Z";"2781";0.7350523225;0.7676207894;0.721161041;0.7616368961;75606982.38;1028209809.73;"2024-07-12T23:59:59.999Z"
"2024-07-11T00:00:00.000Z";"2024-07-11T23:59:59.999Z";"2024-07-11T12:40:00.000Z";"2024-07-11T23:39:00.000Z";"2781";0.7801455781;0.7973320539;0.7339642055;0.7350814522;92325936.62;992359960.54;"2024-07-11T23:59:59.999Z"
"2024-07-10T00:00:00.000Z";"2024-07-10T23:59:59.999Z";"2024-07-10T04:40:00.000Z";"2024-07-10T21:17:00.000Z";"2781";0.7884087528;0.8110095472;0.7678072444;0.7801308103;80988994.31;1053176593.86;"2024-07-10T23:59:59.999Z"
"2024-07-09T00:00:00.000Z";"2024-07-09T23:59:59.999Z";"2024-07-09T20:08:00.000Z";"2024-07-09T02:07:00.000Z";"2781";0.7258879146;0.8019732817;0.715458823;0.7883503889;122724283.72;1064273024.99;"2024-07-09T23:59:59.999Z"
"2024-07-08T00:00:00.000Z";"2024-07-08T23:59:59.999Z";"2024-07-08T14:10:00.000Z";"2024-07-08T01:26:00.000Z";"2781";0.6902600777;0.7426572192;0.6623102947;0.7258004989;126974056.29;979830673.5;"2024-07-08T23:59:59.999Z"
"2024-07-07T00:00:00.000Z";"2024-07-07T23:59:59.999Z";"2024-07-07T00:03:00.000Z";"2024-07-07T23:52:00.000Z";"2781";0.7983369506;0.7983742046;0.6880349561;0.6902860197;103805768.11;931886126.58;"2024-07-07T23:59:59.999Z"
"2024-07-06T00:00:00.000Z";"2024-07-06T23:59:59.999Z";"2024-07-06T23:20:00.000Z";"2024-07-06T02:16:00.000Z";"2781";0.7395712446;0.8033821922;0.7273167112;0.798402217;108059624.62;1077842992.95;"2024-07-06T23:59:59.999Z"
"2024-07-05T00:00:00.000Z";"2024-07-05T23:59:59.999Z";"2024-07-05T16:28:00.000Z";"2024-07-05T04:21:00.000Z";"2781";0.7259364152;0.757368277;0.6418460193;0.7394213651;200987849.02;998218842.85;"2024-07-05T23:59:59.999Z"
"2024-07-04T00:00:00.000Z";"2024-07-04T23:59:59.999Z";"2024-07-04T07:10:00.000Z";"2024-07-04T13:41:00.000Z";"2781";0.7761144935;0.8092274344;0.7218697721;0.7260338356;302441990.03;980145678.11;"2024-07-04T23:59:59.999Z"
"2024-07-03T00:00:00.000Z";"2024-07-03T23:59:59.999Z";"2024-07-03T00:22:00.000Z";"2024-07-03T22:28:00.000Z";"2781";0.8833794397;0.8895895682;0.7740697528;0.7762699542;118800313.82;1047964438.15;"2024-07-03T23:59:59.999Z"
"2024-07-02T00:00:00.000Z";"2024-07-02T23:59:59.999Z";"2024-07-02T23:22:00.000Z";"2024-07-02T17:16:00.000Z";"2781";0.8472138829;0.8874938838;0.8358724986;0.8831731377;101473228.14;1192283735.92;"2024-07-02T23:59:59.999Z"
"2024-07-01T00:00:00.000Z";"2024-07-01T23:59:59.999Z";"2024-07-01T21:25:00.000Z";"2024-07-01T11:55:00.000Z";"2781";0.8187392229;0.8584530258;0.8143604348;0.8470343434;87178908.58;1143496363.66;"2024-07-01T23:59:59.999Z"
"2024-06-30T00:00:00.000Z";"2024-06-30T23:59:59.999Z";"2024-06-30T22:41:00.000Z";"2024-06-30T05:24:00.000Z";"2781";0.7937867989;0.8255399309;0.7749434222;0.8188967319;71041737.72;1105510588.13;"2024-06-30T23:59:59.999Z"
"2024-06-29T00:00:00.000Z";"2024-06-29T23:59:59.999Z";"2024-06-29T10:40:00.000Z";"2024-06-29T00:08:00.000Z";"2781";0.7894649965;0.8172333924;0.7889706369;0.7938557009;55694512.23;1071705196.17;"2024-06-29T23:59:59.999Z"
"2024-06-28T00:00:00.000Z";"2024-06-28T23:59:59.999Z";"2024-06-28T01:44:00.000Z";"2024-06-28T21:13:00.000Z";"2781";0.8539192109;0.86475214;0.7885322279;0.789457406;88607816.24;1065767498.06;"2024-06-28T23:59:59.999Z"
"2024-06-27T00:00:00.000Z";"2024-06-27T23:59:59.999Z";"2024-06-27T14:29:00.000Z";"2024-06-27T06:49:00.000Z";"2781";0.7818482761;0.8873876363;0.7672916481;0.8538813737;132656261.62;1152739854.49;"2024-06-27T23:59:59.999Z"
"2024-06-26T00:00:00.000Z";"2024-06-26T23:59:59.999Z";"2024-06-26T02:19:00.000Z";"2024-06-26T17:22:00.000Z";"2781";0.8064429238;0.8232469618;0.7724420099;0.7818382958;77684305.78;1055481699.31;"2024-06-26T23:59:59.999Z"
"2024-06-25T00:00:00.000Z";"2024-06-25T23:59:59.999Z";"2024-06-25T15:39:00.000Z";"2024-06-25T00:49:00.000Z";"2781";0.7687886309;0.8293871482;0.758096893;0.8064224168;114562396.44;1088670262.74;"2024-06-25T23:59:59.999Z"
"2024-06-24T00:00:00.000Z";"2024-06-24T23:59:59.999Z";"2024-06-24T23:41:00.000Z";"2024-06-24T09:38:00.000Z";"2781";0.7345014605;0.7716952261;0.7033811772;0.7690504871;119689466.32;1038218157.59;"2024-06-24T23:59:59.999Z"
"2024-06-23T00:00:00.000Z";"2024-06-23T23:59:59.999Z";"2024-06-23T00:38:00.000Z";"2024-06-23T23:43:00.000Z";"2781";0.7752222748;0.7867905243;0.7330003379;0.7344847585;66439110.65;991554424.01;"2024-06-23T23:59:59.999Z"
"2024-06-22T00:00:00.000Z";"2024-06-22T23:59:59.999Z";"2024-06-22T14:28:00.000Z";"2024-06-22T00:55:00.000Z";"2781";0.7657078627;0.7898632035;0.7559014793;0.7752530322;75969878.59;1046591593.5;"2024-06-22T23:59:59.999Z"
"2024-06-21T00:00:00.000Z";"2024-06-21T23:59:59.999Z";"2024-06-21T02:09:00.000Z";"2024-06-21T09:00:00.000Z";"2781";0.7661331453;0.7855278555;0.7343757562;0.7658186997;99472887.07;1033855244.56;"2024-06-21T23:59:59.999Z"
"2024-06-20T00:00:00.000Z";"2024-06-20T23:59:59.999Z";"2024-06-20T11:17:00.000Z";"2024-06-20T04:19:00.000Z";"2781";0.7715192891;0.8308393413;0.7571035849;0.7661247521;127531018.6;1034268415.38;"2024-06-20T23:59:59.999Z"
"2024-06-19T00:00:00.000Z";"2024-06-19T23:59:59.999Z";"2024-06-19T17:25:00.000Z";"2024-06-19T14:35:00.000Z";"2781";0.7408354141;0.7977914354;0.7105369989;0.7715192891;141983984.99;1041551040.34;"2024-06-19T23:59:59.999Z"
"2024-06-18T00:00:00.000Z";"2024-06-18T23:59:59.999Z";"2024-06-18T00:07:00.000Z";"2024-06-18T19:36:00.000Z";"2781";0.8570495258;0.8591488275;0.7072706082;0.7410033248;158418193.09;1000354488.48;"2024-06-18T23:59:59.999Z"
"2024-06-17T00:00:00.000Z";"2024-06-17T23:59:59.999Z";"2024-06-17T00:42:00.000Z";"2024-06-17T16:22:00.000Z";"2781";0.9272114667;0.9343545198;0.8281879455;0.8572362346;111750570.6;1157268916.68;"2024-06-17T23:59:59.999Z"
"2024-06-16T00:00:00.000Z";"2024-06-16T23:59:59.999Z";"2024-06-16T23:59:00.000Z";"2024-06-16T04:30:00.000Z";"2781";0.8695524925;0.9273859791;0.8497224899;0.9273859791;64662951.95;1251971071.75;"2024-06-16T23:59:59.999Z"
"2024-06-15T00:00:00.000Z";"2024-06-15T23:59:59.999Z";"2024-06-15T15:25:00.000Z";"2024-06-15T20:32:00.000Z";"2781";0.8676548039;0.8864982922;0.8608061335;0.8695350534;57225938.04;1173872322.15;"2024-06-15T23:59:59.999Z"
"2024-06-14T00:00:00.000Z";"2024-06-14T23:59:59.999Z";"2024-06-14T12:21:00.000Z";"2024-06-14T18:27:00.000Z";"2781";0.9039441887;0.9230746349;0.8385969797;0.8677934204;104141653.14;1171521117.55;"2024-06-14T23:59:59.999Z"
"2024-06-13T00:00:00.000Z";"2024-06-13T23:59:59.999Z";"2024-06-13T00:00:00.000Z";"2024-06-13T21:30:00.000Z";"2781";0.9699168342;0.9699168342;0.8999273039;0.9040495125;95269378.37;1220466841.87;"2024-06-13T23:59:59.999Z"
"2024-06-12T00:00:00.000Z";"2024-06-12T23:59:59.999Z";"2024-06-12T14:20:00.000Z";"2024-06-12T01:50:00.000Z";"2781";0.9275644725;1.0081977942;0.9019497475;0.969892479;126117736.15;1309354846.6;"2024-06-12T23:59:59.999Z"
"2024-06-11T00:00:00.000Z";"2024-06-11T23:59:59.999Z";"2024-06-11T00:22:00.000Z";"2024-06-11T17:29:00.000Z";"2781";0.9685225671;0.9744881547;0.9002137795;0.92765611;110606084.65;1252335748.44;"2024-06-11T23:59:59.999Z"
"2024-06-10T00:00:00.000Z";"2024-06-10T23:59:59.999Z";"2024-06-10T01:46:00.000Z";"2024-06-10T23:38:00.000Z";"2781";1.0094324519;1.0122166421;0.9655266343;0.9685439093;78396977.17;1307534277.52;"2024-06-10T23:59:59.999Z"
"2024-06-09T00:00:00.000Z";"2024-06-09T23:59:59.999Z";"2024-06-09T19:15:00.000Z";"2024-06-09T03:28:00.000Z";"2781";0.9745258441;1.0197535844;0.9598780074;1.0096204493;58911370.8;1362987606.57;"2024-06-09T23:59:59.999Z"
"2024-06-08T00:00:00.000Z";"2024-06-08T23:59:59.999Z";"2024-06-08T02:01:00.000Z";"2024-06-08T22:31:00.000Z";"2781";1.0329002547;1.0409316719;0.9739827564;0.9746779296;83085804.84;1315815204.95;"2024-06-08T23:59:59.999Z"
"2024-06-07T00:00:00.000Z";"2024-06-07T23:59:59.999Z";"2024-06-07T12:04:00.000Z";"2024-06-07T18:16:00.000Z";"2781";1.1176378162;1.1261548437;0.969293705;1.0330607388;146834182.73;1394631997.42;"2024-06-07T23:59:59.999Z"
"2024-06-06T00:00:00.000Z";"2024-06-06T23:59:59.999Z";"2024-06-06T01:36:00.000Z";"2024-06-06T20:04:00.000Z";"2781";1.1578416577;1.1667161567;1.1019968102;1.1189176283;80811725.5;1510565207.44;"2024-06-06T23:59:59.999Z"
"2024-06-05T00:00:00.000Z";"2024-06-05T23:59:59.999Z";"2024-06-05T02:36:00.000Z";"2024-06-05T14:17:00.000Z";"2781";1.1473755924;1.1811638725;1.1428979406;1.1578416577;122668667.98;1563086237.91;"2024-06-05T23:59:59.999Z"
"2024-06-04T00:00:00.000Z";"2024-06-04T23:59:59.999Z";"2024-06-04T23:57:00.000Z";"2024-06-04T09:56:00.000Z";"2781";1.0908199388;1.1474546886;1.0779951887;1.1473560823;96300986.72;1548957049.7;"2024-06-04T23:59:59.999Z"
"2024-06-03T00:00:00.000Z";"2024-06-03T23:59:59.999Z";"2024-06-03T13:53:00.000Z";"2024-06-03T00:47:00.000Z";"2781";1.065266688;1.1165084366;1.0562345222;1.0908199388;88243203.09;1472606917.39;"2024-06-03T23:59:59.999Z"
"2024-06-02T00:00:00.000Z";"2024-06-02T23:59:59.999Z";"2024-06-02T01:40:00.000Z";"2024-06-02T20:22:00.000Z";"2781";1.0958902597;1.101240403;1.053860824;1.065266688;77843212.08;1438110028.82;"2024-06-02T23:59:59.999Z"
"2024-06-01T00:00:00.000Z";"2024-06-01T23:59:59.999Z";"2024-06-01T22:39:00.000Z";"2024-06-01T13:09:00.000Z";"2781";1.095131366;1.1046569367;1.0882719593;1.0958897092;54984084.77;1479451850.59;"2024-06-01T23:59:59.999Z"
"2024-05-31T00:00:00.000Z";"2024-05-31T23:59:59.999Z";"2024-05-31T13:10:00.000Z";"2024-05-31T16:24:00.000Z";"2781";1.1002676327;1.1305982029;1.0786555584;1.0951323683;92958785.68;1478428697.15;"2024-05-31T23:59:59.999Z"
"2024-05-30T00:00:00.000Z";"2024-05-30T23:59:59.999Z";"2024-05-30T02:34:00.000Z";"2024-05-30T08:16:00.000Z";"2781";1.1379638842;1.152467292;1.0767318006;1.1014498696;109232307.23;1486957323.94;"2024-05-30T23:59:59.999Z"
"2024-05-29T00:00:00.000Z";"2024-05-29T23:59:59.999Z";"2024-05-29T06:31:00.000Z";"2024-05-29T21:25:00.000Z";"2781";1.1560175996;1.2150288987;1.1339483031;1.1467465769;139097329.89;1548107878.8;"2024-05-29T23:59:59.999Z"
"2024-05-28T00:00:00.000Z";"2024-05-28T23:59:59.999Z";"2024-05-28T01:41:00.000Z";"2024-05-28T04:56:00.000Z";"2781";1.1732378214;1.1922823577;1.1223731818;1.1560346109;154972775.28;1560646724.71;"2024-05-28T23:59:59.999Z"
"2024-05-27T00:00:00.000Z";"2024-05-27T23:59:59.999Z";"2024-05-27T17:30:00.000Z";"2024-05-27T00:05:00.000Z";"2781";1.1143783423;1.1896364955;1.1133938678;1.173209826;128861402.69;1583833265.14;"2024-05-27T23:59:59.999Z"
"2024-05-26T00:00:00.000Z";"2024-05-26T23:59:59.999Z";"2024-05-26T01:13:00.000Z";"2024-05-26T21:36:00.000Z";"2781";1.1672162481;1.1765000822;1.1007634708;1.1143762645;86297565.19;1504410762.11;"2024-05-26T23:59:59.999Z"
"2024-05-25T00:00:00.000Z";"2024-05-25T23:59:59.999Z";"2024-05-25T11:10:00.000Z";"2024-05-25T01:04:00.000Z";"2781";1.1337000474;1.172455561;1.1276445394;1.1672162481;78633647.69;1575741935;"2024-05-25T23:59:59.999Z"
"2024-05-24T00:00:00.000Z";"2024-05-24T23:59:59.999Z";"2024-05-24T00:00:00.000Z";"2024-05-24T08:29:00.000Z";"2781";1.1795115361;1.1795332665;1.0880990655;1.1336978916;108710266.27;1530495064;"2024-05-24T23:59:59.999Z"
"2024-05-23T00:00:00.000Z";"2024-05-23T23:59:59.999Z";"2024-05-23T03:22:00.000Z";"2024-05-23T20:08:00.000Z";"2781";1.1920679349;1.2054803845;1.101169873;1.1795115361;199416600.33;1592340573.77;"2024-05-23T23:59:59.999Z"
"2024-05-22T00:00:00.000Z";"2024-05-22T23:59:59.999Z";"2024-05-22T06:09:00.000Z";"2024-05-22T13:01:00.000Z";"2781";1.209091846;1.2372866164;1.1731329521;1.1920738142;185461840.42;1609291712.11;"2024-05-22T23:59:59.999Z"
"2024-05-21T00:00:00.000Z";"2024-05-21T23:59:59.999Z";"2024-05-21T00:29:00.000Z";"2024-05-21T19:36:00.000Z";"2781";1.2627202031;1.2817150205;1.1704953394;1.2090612872;194844530.58;1632273992.05;"2024-05-21T23:59:59.999Z"
"2024-05-20T00:00:00.000Z";"2024-05-20T23:59:59.999Z";"2024-05-20T20:00:00.000Z";"2024-05-20T01:36:00.000Z";"2781";1.1705728469;1.2851381185;1.14674319;1.2627351993;247602993.08;1704672274.13;"2024-05-20T23:59:59.999Z"
"2024-05-19T00:00:00.000Z";"2024-05-19T23:59:59.999Z";"2024-05-19T03:23:00.000Z";"2024-05-19T15:17:00.000Z";"2781";1.2374786027;1.2554832276;1.1647109305;1.1706024862;114988731.6;1580313356.43;"2024-05-19T23:59:59.999Z"
"2024-05-18T00:00:00.000Z";"2024-05-18T23:59:59.999Z";"2024-05-18T09:56:00.000Z";"2024-05-18T16:59:00.000Z";"2781";1.2199520209;1.3192633104;1.2181778675;1.2374655926;244195061.96;1670578549.95;"2024-05-18T23:59:59.999Z"
"2024-05-17T00:00:00.000Z";"2024-05-17T23:59:59.999Z";"2024-05-17T16:26:00.000Z";"2024-05-17T00:00:00.000Z";"2781";1.1354201698;1.2515174571;1.1354005562;1.2199517874;197185010.47;1646935228.18;"2024-05-17T23:59:59.999Z"
"2024-05-16T00:00:00.000Z";"2024-05-16T23:59:59.999Z";"2024-05-16T10:01:00.000Z";"2024-05-16T17:40:00.000Z";"2781";1.1489466494;1.1840686293;1.1171882385;1.1354201698;198096467.38;1532817229.2;"2024-05-16T23:59:59.999Z"
"2024-05-15T00:00:00.000Z";"2024-05-15T23:59:59.999Z";"2024-05-15T21:07:00.000Z";"2024-05-15T00:50:00.000Z";"2781";1.0080879365;1.1559139617;1.0026014104;1.1489233973;176168644.98;1551077976.68;"2024-05-15T23:59:59.999Z"
"2024-05-14T00:00:00.000Z";"2024-05-14T23:59:59.999Z";"2024-05-14T05:25:00.000Z";"2024-05-14T23:37:00.000Z";"2781";1.065993631;1.0847980631;1.0071745367;1.0080879365;123842592.83;1360918714.34;"2024-05-14T23:59:59.999Z"
"2024-05-13T00:00:00.000Z";"2024-05-13T23:59:59.999Z";"2024-05-13T16:37:00.000Z";"2024-05-13T04:48:00.000Z";"2781";1.0580416665;1.1129708638;1.0034456285;1.0659949068;165037188.97;1439093124.18;"2024-05-13T23:59:59.999Z"
"2024-05-12T00:00:00.000Z";"2024-05-12T23:59:59.999Z";"2024-05-12T16:23:00.000Z";"2024-05-12T21:29:00.000Z";"2781";1.0559237681;1.0868429022;1.0511957986;1.0580408613;76139731.33;1428356249.8;"2024-05-12T23:59:59.999Z"
"2024-05-11T00:00:00.000Z";"2024-05-11T23:59:59.999Z";"2024-05-11T18:58:00.000Z";"2024-05-11T11:19:00.000Z";"2781";1.041777669;1.0773947346;1.0269526395;1.055923894;91389105.19;1425497256.93;"2024-05-11T23:59:59.999Z"
"2024-05-10T00:00:00.000Z";"2024-05-10T23:59:59.999Z";"2024-05-10T07:07:00.000Z";"2024-05-10T16:08:00.000Z";"2781";1.1003107858;1.1221080811;1.031738763;1.041777669;136112096.19;1406399853.21;"2024-05-10T23:59:59.999Z"
"2024-05-09T00:00:00.000Z";"2024-05-09T23:59:59.999Z";"2024-05-09T22:50:00.000Z";"2024-05-09T11:05:00.000Z";"2781";1.0358798514;1.1063345707;1.0111239303;1.1003158216;128269092.77;1485426359.23;"2024-05-09T23:59:59.999Z"
"2024-05-08T00:00:00.000Z";"2024-05-08T23:59:59.999Z";"2024-05-08T02:49:00.000Z";"2024-05-08T20:56:00.000Z";"2781";1.0986153352;1.1058837529;1.0139055188;1.0358798514;130273532.03;1398437799.46;"2024-05-08T23:59:59.999Z"
"2024-05-07T00:00:00.000Z";"2024-05-07T23:59:59.999Z";"2024-05-07T09:22:00.000Z";"2024-05-07T23:59:00.000Z";"2781";1.1227764983;1.1776399123;1.0986126304;1.0986126304;171478973.14;1483130702.5;"2024-05-07T23:59:59.999Z"
"2024-05-06T00:00:00.000Z";"2024-05-06T23:59:59.999Z";"2024-05-06T10:15:00.000Z";"2024-05-06T00:00:00.000Z";"2781";1.0672384034;1.1867652915;1.067232477;1.1227742353;224129479.96;1515748272.7;"2024-05-06T23:59:59.999Z"
"2024-05-05T00:00:00.000Z";"2024-05-05T23:59:59.999Z";"2024-05-05T00:19:00.000Z";"2024-05-05T01:39:00.000Z";"2781";1.0696543187;1.0777419442;1.0327462926;1.0672388416;103470833.72;1440771844.59;"2024-05-05T23:59:59.999Z"
"2024-05-04T00:00:00.000Z";"2024-05-04T23:59:59.999Z";"2024-05-04T11:03:00.000Z";"2024-05-04T16:13:00.000Z";"2781";1.0675737409;1.1000805642;1.0577822093;1.0696543187;117140608.09;1444033330.27;"2024-05-04T23:59:59.999Z"
"2024-05-03T00:00:00.000Z";"2024-05-03T23:59:59.999Z";"2024-05-03T20:53:00.000Z";"2024-05-03T11:10:00.000Z";"2781";1.017957045;1.0814658416;1.0015696876;1.0675629231;175624978.94;1441224550.26;"2024-05-03T23:59:59.999Z"
"2024-05-02T00:00:00.000Z";"2024-05-02T23:59:59.999Z";"2024-05-02T22:21:00.000Z";"2024-05-02T05:34:00.000Z";"2781";0.954598458;1.036230049;0.9149610197;1.017957045;165414859.16;1374242010.74;"2024-05-02T23:59:59.999Z"
"2024-05-01T00:00:00.000Z";"2024-05-01T23:59:59.999Z";"2024-05-01T18:57:00.000Z";"2024-05-01T08:25:00.000Z";"2781";0.9215925821;0.9781383396;0.8549245794;0.9546180731;191104786.77;1288734398.74;"2024-05-01T23:59:59.999Z"
"2024-04-30T00:00:00.000Z";"2024-04-30T23:59:59.999Z";"2024-04-30T01:34:00.000Z";"2024-04-30T19:19:00.000Z";"2781";0.9989243081;1.0165609197;0.8785048;0.9215955395;148378488.63;1244153978.37;"2024-04-30T23:59:59.999Z"
"2024-04-29T00:00:00.000Z";"2024-04-29T23:59:59.999Z";"2024-04-29T00:21:00.000Z";"2024-04-29T08:35:00.000Z";"2781";0.9992739291;1.0101953359;0.9635989692;0.9989222547;106857064.84;1348547815.88;"2024-04-29T23:59:59.999Z"
"2024-04-28T00:00:00.000Z";"2024-04-28T23:59:59.999Z";"2024-04-28T03:43:00.000Z";"2024-04-28T23:42:00.000Z";"2781";1.0107506867;1.0544064503;0.9949192061;0.999273982;103641406.54;1349019875.66;"2024-04-28T23:59:59.999Z"
"2024-04-27T00:00:00.000Z";"2024-04-27T23:59:59.999Z";"2024-04-27T20:08:00.000Z";"2024-04-27T01:20:00.000Z";"2781";0.9905356715;1.0215451905;0.9456730905;1.0107506867;120301387.8;1364513427;"2024-04-27T23:59:59.999Z"
"2024-04-26T00:00:00.000Z";"2024-04-26T23:59:59.999Z";"2024-04-26T00:07:00.000Z";"2024-04-26T22:47:00.000Z";"2781";1.0425451875;1.0442958401;0.9887040783;0.9905356715;105930853.8;1337223156.51;"2024-04-26T23:59:59.999Z"
"2024-04-25T00:00:00.000Z";"2024-04-25T23:59:59.999Z";"2024-04-25T00:47:00.000Z";"2024-04-25T13:23:00.000Z";"2781";1.0758448649;1.085020621;1.0110818919;1.0425451875;143913782.27;1407436003.14;"2024-04-25T23:59:59.999Z"
"2024-04-24T00:00:00.000Z";"2024-04-24T23:59:59.999Z";"2024-04-24T12:11:00.000Z";"2024-04-24T23:07:00.000Z";"2781";1.1679388782;1.2261210743;1.0670887047;1.0758344703;241751095.63;1452376534.96;"2024-04-24T23:59:59.999Z"
"2024-04-23T00:00:00.000Z";"2024-04-23T23:59:59.999Z";"2024-04-23T00:38:00.000Z";"2024-04-23T12:48:00.000Z";"2781";1.1912879;1.2191494567;1.144496331;1.1679388782;166287310.72;1576717485.63;"2024-04-23T23:59:59.999Z"
"2024-04-22T00:00:00.000Z";"2024-04-22T23:59:59.999Z";"2024-04-22T06:34:00.000Z";"2024-04-22T15:17:00.000Z";"2781";1.1529318958;1.2204114803;1.1493448802;1.1912879;169139238.39;1608238665.02;"2024-04-22T23:59:59.999Z"
"2024-04-21T00:00:00.000Z";"2024-04-21T23:59:59.999Z";"2024-04-21T11:21:00.000Z";"2024-04-21T16:42:00.000Z";"2781";1.1846414513;1.2137620774;1.1298286099;1.1529402917;154018331.08;1556469393.82;"2024-04-21T23:59:59.999Z"
"2024-04-20T00:00:00.000Z";"2024-04-20T23:59:59.999Z";"2024-04-20T17:46:00.000Z";"2024-04-20T01:09:00.000Z";"2781";1.0535818449;1.1899004118;1.0313899284;1.1846384164;178911456.7;1599261862.15;"2024-04-20T23:59:59.999Z"
"2024-04-19T00:00:00.000Z";"2024-04-19T23:59:59.999Z";"2024-04-19T17:56:00.000Z";"2024-04-19T02:51:00.000Z";"2781";1.0300668626;1.0936479925;0.9288250427;1.0535988017;298110785.72;1422358382.24;"2024-04-19T23:59:59.999Z"
"2024-04-18T00:00:00.000Z";"2024-04-18T23:59:59.999Z";"2024-04-18T23:19:00.000Z";"2024-04-18T08:24:00.000Z";"2781";0.946392287;1.0430417624;0.907231838;1.0300666649;198200869.89;1390590264.48;"2024-04-18T23:59:59.999Z"
"2024-04-17T00:00:00.000Z";"2024-04-17T23:59:59.999Z";"2024-04-17T04:59:00.000Z";"2024-04-17T16:08:00.000Z";"2781";0.9709002402;1.0110843777;0.9193210654;0.9464117017;206527733.99;1277655797.25;"2024-04-17T23:59:59.999Z"
"2024-04-16T00:00:00.000Z";"2024-04-16T23:59:59.999Z";"2024-04-16T01:36:00.000Z";"2024-04-16T16:26:00.000Z";"2781";1.0034582992;1.0216101583;0.9028961307;0.9709014885;223722368.59;1310715324.22;"2024-04-16T23:59:59.999Z"
"2024-04-15T00:00:00.000Z";"2024-04-15T23:59:59.999Z";"2024-04-15T07:03:00.000Z";"2024-04-15T19:08:00.000Z";"2781";1.1051085468;1.1270946771;0.9761400718;1.0034582992;298796188.57;1354668703.88;"2024-04-15T23:59:59.999Z"
"2024-04-14T00:00:00.000Z";"2024-04-14T23:59:59.999Z";"2024-04-14T23:05:00.000Z";"2024-04-14T03:16:00.000Z";"2781";0.9736849291;1.1105489612;0.9075546056;1.1050934657;414886996.1;1491876178.7;"2024-04-14T23:59:59.999Z"
"2024-04-13T00:00:00.000Z";"2024-04-13T23:59:59.999Z";"2024-04-13T13:25:00.000Z";"2024-04-13T20:10:00.000Z";"2781";1.0446963677;1.1028544909;0.7968540059;0.9736821769;458914116.18;1314470938.76;"2024-04-13T23:59:59.999Z"
"2024-04-12T00:00:00.000Z";"2024-04-12T23:59:59.999Z";"2024-04-12T05:34:00.000Z";"2024-04-12T18:37:00.000Z";"2781";1.2659819983;1.2945699796;0.9138480531;1.0446963677;350869952.92;1410340096.38;"2024-04-12T23:59:59.999Z"
"2024-04-11T00:00:00.000Z";"2024-04-11T23:59:59.999Z";"2024-04-11T08:53:00.000Z";"2024-04-11T22:11:00.000Z";"2781";1.3528388436;1.3780973322;1.2583976283;1.2659819983;216773919.14;1709075697.69;"2024-04-11T23:59:59.999Z"
"2024-04-10T00:00:00.000Z";"2024-04-10T23:59:59.999Z";"2024-04-10T22:28:00.000Z";"2024-04-10T12:41:00.000Z";"2781";1.330921764;1.3830704704;1.254665121;1.3528377401;217912767.64;1826330949.17;"2024-04-10T23:59:59.999Z"
"2024-04-09T00:00:00.000Z";"2024-04-09T23:59:59.999Z";"2024-04-09T02:29:00.000Z";"2024-04-09T15:13:00.000Z";"2781";1.4430460911;1.4696011969;1.2949788618;1.330921764;240989932.2;1796744381.36;"2024-04-09T23:59:59.999Z"
"2024-04-08T00:00:00.000Z";"2024-04-08T23:59:59.999Z";"2024-04-08T10:49:00.000Z";"2024-04-08T03:13:00.000Z";"2781";1.397387468;1.4896216232;1.3618947168;1.4430460911;256090926.52;1948112223;"2024-04-08T23:59:59.999Z"
"2024-04-07T00:00:00.000Z";"2024-04-07T23:59:59.999Z";"2024-04-07T02:02:00.000Z";"2024-04-07T22:07:00.000Z";"2781";1.419689798;1.4768867337;1.3740899213;1.3973944408;215562273.4;1886473081.85;"2024-04-07T23:59:59.999Z"
"2024-04-06T00:00:00.000Z";"2024-04-06T23:59:59.999Z";"2024-04-06T23:10:00.000Z";"2024-04-06T00:14:00.000Z";"2781";1.3418753562;1.4524358935;1.3327643708;1.4198282596;268127849.59;1916768150.52;"2024-04-06T23:59:59.999Z"
"2024-04-05T00:00:00.000Z";"2024-04-05T23:59:59.999Z";"2024-04-05T00:01:00.000Z";"2024-04-05T12:08:00.000Z";"2781";1.469367188;1.4696156909;1.2886555849;1.3418532463;457687685.15;1811501882.5;"2024-04-05T23:59:59.999Z"
"2024-04-04T00:00:00.000Z";"2024-04-04T23:59:59.999Z";"2024-04-04T13:21:00.000Z";"2024-04-04T22:13:00.000Z";"2781";1.5611347373;1.626428532;1.4516916593;1.46940544;374322736.72;1983645703.8;"2024-04-04T23:59:59.999Z"
"2024-04-03T00:00:00.000Z";"2024-04-03T23:59:59.999Z";"2024-04-03T15:59:00.000Z";"2024-04-03T00:40:00.000Z";"2781";1.5657392427;1.7281470051;1.504824179;1.5611824665;534495396.32;2107531895.33;"2024-04-03T23:59:59.999Z"
"2024-04-02T00:00:00.000Z";"2024-04-02T23:59:59.999Z";"2024-04-02T02:59:00.000Z";"2024-04-02T13:33:00.000Z";"2781";1.6689137208;1.6799517047;1.5107396815;1.5657392427;585131206.03;2113747977.6;"2024-04-02T23:59:59.999Z"
"2024-04-01T00:00:00.000Z";"2024-04-01T23:59:59.999Z";"2024-04-01T04:17:00.000Z";"2024-04-01T15:56:00.000Z";"2781";1.7448442973;1.8395646166;1.6277115188;1.6689198008;680364951.84;2253033523.03;"2024-04-01T23:59:59.999Z"
"2024-03-31T00:00:00.000Z";"2024-03-31T23:59:59.999Z";"2024-03-31T23:37:00.000Z";"2024-03-31T03:24:00.000Z";"2781";1.4986759014;1.7820213349;1.462641085;1.7449542629;450586803.21;2355539801.36;"2024-03-31T23:59:59.999Z"
"2024-03-30T00:00:00.000Z";"2024-03-30T23:59:59.999Z";"2024-03-30T14:14:00.000Z";"2024-03-30T00:04:00.000Z";"2781";1.3843342108;1.5610986506;1.3662424534;1.4986759014;612305291.25;2023212466.93;"2024-03-30T23:59:59.999Z"
"2024-03-29T00:00:00.000Z";"2024-03-29T23:59:59.999Z";"2024-03-29T23:38:00.000Z";"2024-03-29T10:09:00.000Z";"2781";1.3239845438;1.4072724357;1.2445365997;1.3843244104;266253079.49;1868837954.04;"2024-03-29T23:59:59.999Z"
"2024-03-28T00:00:00.000Z";"2024-03-28T23:59:59.999Z";"2024-03-28T23:34:00.000Z";"2024-03-28T12:58:00.000Z";"2781";1.306708476;1.332095737;1.2442569601;1.3240564898;254884505.46;1787476261.17;"2024-03-28T23:59:59.999Z"
"2024-03-27T00:00:00.000Z";"2024-03-27T23:59:59.999Z";"2024-03-27T01:19:00.000Z";"2024-03-27T16:17:00.000Z";"2781";1.3446236489;1.3592265021;1.2493259858;1.3067546998;282476971.1;1764118844.8;"2024-03-27T23:59:59.999Z"
"2024-03-26T00:00:00.000Z";"2024-03-26T23:59:59.999Z";"2024-03-26T13:49:00.000Z";"2024-03-26T16:46:00.000Z";"2781";1.340263373;1.4006659422;1.3077530375;1.3446236489;307428559.62;1815241926;"2024-03-26T23:59:59.999Z"
"2024-03-25T00:00:00.000Z";"2024-03-25T23:59:59.999Z";"2024-03-25T23:16:00.000Z";"2024-03-25T04:32:00.000Z";"2781";1.292369915;1.367733132;1.2555643218;1.3402718026;329897990.36;1809355553.55;"2024-03-25T23:59:59.999Z"
"2024-03-24T00:00:00.000Z";"2024-03-24T23:59:59.999Z";"2024-03-24T23:08:00.000Z";"2024-03-24T07:40:00.000Z";"2781";1.166902551;1.3202661062;1.1509190093;1.2923376714;223695454.59;1744655856.35;"2024-03-24T23:59:59.999Z"
"2024-03-23T00:00:00.000Z";"2024-03-23T23:59:59.999Z";"2024-03-23T07:22:00.000Z";"2024-03-23T23:59:00.000Z";"2781";1.2244254934;1.2420027725;1.1668771484;1.166902551;188579871.47;1575318443.83;"2024-03-23T23:59:59.999Z"
"2024-03-22T00:00:00.000Z";"2024-03-22T23:59:59.999Z";"2024-03-22T06:15:00.000Z";"2024-03-22T14:28:00.000Z";"2781";1.2327055229;1.251372579;1.1448431347;1.2244254934;270156267.1;1652974416.14;"2024-03-22T23:59:59.999Z"
"2024-03-21T00:00:00.000Z";"2024-03-21T23:59:59.999Z";"2024-03-21T01:37:00.000Z";"2024-03-21T20:06:00.000Z";"2781";1.3485705603;1.4185544057;1.2180685512;1.2326976784;392979025.75;1664141865.78;"2024-03-21T23:59:59.999Z"
"2024-03-20T00:00:00.000Z";"2024-03-20T23:59:59.999Z";"2024-03-20T23:43:00.000Z";"2024-03-20T05:28:00.000Z";"2781";1.1346910175;1.3596244536;1.05826405;1.3485705603;535865906.84;1820570256.36;"2024-03-20T23:59:59.999Z"
"2024-03-19T00:00:00.000Z";"2024-03-19T23:59:59.999Z";"2024-03-19T00:22:00.000Z";"2024-03-19T23:28:00.000Z";"2781";1.3705772268;1.4053775376;1.1126947243;1.134665775;719534002.83;1531832873.62;"2024-03-19T23:59:59.999Z"
"2024-03-18T00:00:00.000Z";"2024-03-18T23:59:59.999Z";"2024-03-18T13:14:00.000Z";"2024-03-18T09:14:00.000Z";"2781";1.4081823275;1.5959880656;1.310206256;1.3705904873;1067382246.62;1850311751.2;"2024-03-18T23:59:59.999Z"
"2024-03-17T00:00:00.000Z";"2024-03-17T23:59:59.999Z";"2024-03-17T00:28:00.000Z";"2024-03-17T14:53:00.000Z";"2781";1.3153543815;1.4576864958;1.2220221249;1.3597160887;1092939752.28;1835653095.87;"2024-03-17T23:59:59.999Z"
"2024-03-16T00:00:00.000Z";"2024-03-16T23:59:59.999Z";"2024-03-16T07:07:00.000Z";"2024-03-16T18:57:00.000Z";"2781";1.2026531822;1.5524566318;1.1615103134;1.3153581136;1706170015.49;1775733453.3;"2024-03-16T23:59:59.999Z"
"2024-03-15T00:00:00.000Z";"2024-03-15T23:59:59.999Z";"2024-03-15T23:17:00.000Z";"2024-03-15T09:17:00.000Z";"2781";0.9438000104;1.2301463475;0.8902638328;1.2026479179;1184652056.17;1623581796;"2024-03-15T23:59:59.999Z"
"2024-03-14T00:00:00.000Z";"2024-03-14T23:59:59.999Z";"2024-03-14T06:46:00.000Z";"2024-03-14T19:45:00.000Z";"2781";0.9204337042;0.9838455991;0.8727970043;0.9436429024;530201045.32;1273917918.28;"2024-03-14T23:59:59.999Z"
"2024-03-13T00:00:00.000Z";"2024-03-13T23:59:59.999Z";"2024-03-13T21:46:00.000Z";"2024-03-13T04:40:00.000Z";"2781";0.8218360555;0.9502024157;0.8006083739;0.9204290673;467160084.25;1242579240.85;"2024-03-13T23:59:59.999Z"
"2024-03-12T00:00:00.000Z";"2024-03-12T23:59:59.999Z";"2024-03-12T15:53:00.000Z";"2024-03-12T00:20:00.000Z";"2781";0.765678765;0.8331646761;0.7617635115;0.821829475;458932729.12;1109478674.9;"2024-03-12T23:59:59.999Z"
"2024-03-11T00:00:00.000Z";"2024-03-11T23:59:59.999Z";"2024-03-11T00:17:00.000Z";"2024-03-11T16:31:00.000Z";"2781";0.7838838069;0.7869097364;0.7397309253;0.765678765;269272826.69;1033666332.77;"2024-03-11T23:59:59.999Z"
"2024-03-10T00:00:00.000Z";"2024-03-10T23:59:59.999Z";"2024-03-10T14:13:00.000Z";"2024-03-10T00:07:00.000Z";"2781";0.743854422;0.8193387292;0.7400247138;0.783882019;418169424.23;1058243139.36;"2024-03-10T23:59:59.999Z"
"2024-03-09T00:00:00.000Z";"2024-03-09T23:59:59.999Z";"2024-03-09T15:04:00.000Z";"2024-03-09T02:23:00.000Z";"2781";0.7223073534;0.788252727;0.7121335433;0.7438456031;330076555.31;1004203469.75;"2024-03-09T23:59:59.999Z"
"2024-03-08T00:00:00.000Z";"2024-03-08T23:59:59.999Z";"2024-03-08T00:32:00.000Z";"2024-03-08T15:34:00.000Z";"2781";0.746663925;0.7681575328;0.6940652167;0.7224148046;411824786.28;975114927.11;"2024-03-08T23:59:59.999Z"
"2024-03-07T00:00:00.000Z";"2024-03-07T23:59:59.999Z";"2024-03-07T20:07:00.000Z";"2024-03-07T00:31:00.000Z";"2781";0.5890384507;0.7839664023;0.5887905048;0.7466238566;784198702.75;1007942206.37;"2024-03-07T23:59:59.999Z"
"2024-03-06T00:00:00.000Z";"2024-03-06T23:59:59.999Z";"2024-03-06T08:32:00.000Z";"2024-03-06T03:01:00.000Z";"2781";0.5790485537;0.596297158;0.5365794917;0.5890384507;244503894.81;795201908.44;"2024-03-06T23:59:59.999Z"
"2024-03-05T00:00:00.000Z";"2024-03-05T23:59:59.999Z";"2024-03-05T15:44:00.000Z";"2024-03-05T19:59:00.000Z";"2781";0.5906981424;0.6271845672;0.4977318883;0.5791376867;500028162.85;781715547.45;"2024-03-05T23:59:59.999Z"
"2024-03-04T00:00:00.000Z";"2024-03-04T23:59:59.999Z";"2024-03-04T00:43:00.000Z";"2024-03-04T18:31:00.000Z";"2781";0.6342138084;0.6476254138;0.5686713877;0.5907091641;359535432.3;797457371.55;"2024-03-04T23:59:59.999Z"
"2024-03-03T00:00:00.000Z";"2024-03-03T23:59:59.999Z";"2024-03-03T22:46:00.000Z";"2024-03-03T07:34:00.000Z";"2781";0.6030327056;0.642732246;0.5724915294;0.6342310342;377737134.04;856211896.23;"2024-03-03T23:59:59.999Z"
"2024-03-02T00:00:00.000Z";"2024-03-02T23:59:59.999Z";"2024-03-02T00:59:00.000Z";"2024-03-02T15:38:00.000Z";"2781";0.6168281249;0.6248142229;0.5790495975;0.603029247;289742347.7;814089483.49;"2024-03-02T23:59:59.999Z"
"2024-03-01T00:00:00.000Z";"2024-03-01T23:59:59.999Z";"2024-03-01T12:19:00.000Z";"2024-03-01T00:01:00.000Z";"2781";0.5470646829;0.6448746107;0.5466928352;0.6168224146;519918920.57;832710259.77;"2024-03-01T23:59:59.999Z"
"2024-02-29T00:00:00.000Z";"2024-02-29T23:59:59.999Z";"2024-02-29T14:27:00.000Z";"2024-02-29T00:00:00.000Z";"2781";0.510256907;0.5894967368;0.510256907;0.5471337263;528073763.56;738630530.56;"2024-02-29T23:59:59.999Z"
"2024-02-28T00:00:00.000Z";"2024-02-28T23:59:59.999Z";"2024-02-28T11:01:00.000Z";"2024-02-28T17:34:00.000Z";"2781";0.5045480718;0.5413430804;0.4663782054;0.5101828125;369764990.9;688746796.88;"2024-02-28T23:59:59.999Z"
"2024-02-27T00:00:00.000Z";"2024-02-27T23:59:59.999Z";"2024-02-27T06:27:00.000Z";"2024-02-27T16:15:00.000Z";"2781";0.5028254846;0.532972372;0.4951249022;0.5044635751;268907282.71;681025826.33;"2024-02-27T23:59:59.999Z"
"2024-02-26T00:00:00.000Z";"2024-02-26T23:59:59.999Z";"2024-02-26T20:01:00.000Z";"2024-02-26T10:01:00.000Z";"2781";0.4972177163;0.507929063;0.4754024708;0.5028273636;169932290.13;678816940.89;"2024-02-26T23:59:59.999Z"
"2024-02-25T00:00:00.000Z";"2024-02-25T23:59:59.999Z";"2024-02-25T06:29:00.000Z";"2024-02-25T00:26:00.000Z";"2781";0.4904455586;0.498995073;0.4881276284;0.4972156453;116401523.28;671241121.19;"2024-02-25T23:59:59.999Z"
"2024-02-24T00:00:00.000Z";"2024-02-24T23:59:59.999Z";"2024-02-24T13:25:00.000Z";"2024-02-24T01:55:00.000Z";"2781";0.4809960799;0.5242734315;0.4721794684;0.4904197959;248886195.14;662066724.46;"2024-02-24T23:59:59.999Z"
"2024-02-23T00:00:00.000Z";"2024-02-23T23:59:59.999Z";"2024-02-23T15:04:00.000Z";"2024-02-23T03:23:00.000Z";"2781";0.4680207934;0.4988109656;0.4642710339;0.4809267006;258240526.82;649251045.82;"2024-02-23T23:59:59.999Z"
"2024-02-22T00:00:00.000Z";"2024-02-22T23:59:59.999Z";"2024-02-22T10:35:00.000Z";"2024-02-22T02:02:00.000Z";"2781";0.4749169695;0.4871201618;0.4567887032;0.467906224;154000755.39;631673402.38;"2024-02-22T23:59:59.999Z"
"2024-02-21T00:00:00.000Z";"2024-02-21T23:59:59.999Z";"2024-02-21T00:00:00.000Z";"2024-02-21T18:30:00.000Z";"2781";0.5058526181;0.5058526181;0.4557180293;0.4748702342;162014221.03;641074816.19;"2024-02-21T23:59:59.999Z"
"2024-02-20T00:00:00.000Z";"2024-02-20T23:59:59.999Z";"2024-02-20T00:18:00.000Z";"2024-02-20T15:32:00.000Z";"2781";0.5271253632;0.5298980321;0.480422195;0.505894551;242189617.02;682957643.8;"2024-02-20T23:59:59.999Z"
"2024-02-19T00:00:00.000Z";"2024-02-19T23:59:59.999Z";"2024-02-19T07:29:00.000Z";"2024-02-19T17:17:00.000Z";"2781";0.5340526128;0.5543712307;0.5234557705;0.5272075792;242992266.94;711730231.86;"2024-02-19T23:59:59.999Z"
"2024-02-18T00:00:00.000Z";"2024-02-18T23:59:59.999Z";"2024-02-18T17:32:00.000Z";"2024-02-18T03:11:00.000Z";"2781";0.5035090972;0.5534174991;0.4985941158;0.5340119931;250721614.3;720916190.68;"2024-02-18T23:59:59.999Z"
"2024-02-17T00:00:00.000Z";"2024-02-17T23:59:59.999Z";"2024-02-17T08:11:00.000Z";"2024-02-17T14:38:00.000Z";"2781";0.5144689481;0.5213868862;0.4883569849;0.5034743999;150995872.79;679690439.88;"2024-02-17T23:59:59.999Z"
"2024-02-16T00:00:00.000Z";"2024-02-16T23:59:59.999Z";"2024-02-16T13:11:00.000Z";"2024-02-16T15:17:00.000Z";"2781";0.5171131628;0.534212094;0.5014683123;0.5144543108;207592451.45;694513319.64;"2024-02-16T23:59:59.999Z"
"2024-02-15T00:00:00.000Z";"2024-02-15T23:59:59.999Z";"2024-02-15T11:36:00.000Z";"2024-02-15T22:13:00.000Z";"2781";0.5296851242;0.5612151927;0.5090201736;0.5170468349;308647894.54;698013227.08;"2024-02-15T23:59:59.999Z"
"2024-02-14T00:00:00.000Z";"2024-02-14T23:59:59.999Z";"2024-02-14T23:04:00.000Z";"2024-02-14T00:41:00.000Z";"2781";0.4801221216;0.5350777469;0.4729699888;0.5297237382;305860503.25;715127046.55;"2024-02-14T23:59:59.999Z"
"2024-02-13T00:00:00.000Z";"2024-02-13T23:59:59.999Z";"2024-02-13T00:32:00.000Z";"2024-02-13T18:02:00.000Z";"2781";0.5063112685;0.5164921242;0.4734544273;0.4802152857;217753356.29;648290635.65;"2024-02-13T23:59:59.999Z"